consulta,escenario,ejecucion,tiempo_ms,parametros
Q1,frio,1,0.749292,"(14878, '2026-09-18 10:00:00', '2026-09-18 10:00:00')"
Q1,frio,2,0.215167,"(14856, '2026-09-18 10:00:00', '2026-09-18 10:00:00')"
Q1,frio,3,0.164125,"(14920, '2026-09-18 10:00:00', '2026-09-18 10:00:00')"
Q1,frio,4,0.159084,"(14912, '2026-09-18 10:00:00', '2026-09-18 10:00:00')"
Q1,frio,5,0.178500,"(14907, '2026-09-18 10:00:00', '2026-09-18 10:00:00')"
Q1,frio,6,0.152459,"(14885, '2026-09-18 10:00:00', '2026-09-18 10:00:00')"
Q1,frio,7,0.151625,"(14876, '2026-09-18 10:00:00', '2026-09-18 10:00:00')"
Q1,frio,8,0.176166,"(14989, '2026-09-18 10:00:00', '2026-09-18 10:00:00')"
Q1,frio,9,0.190000,"(14872, '2026-09-18 10:00:00', '2026-09-18 10:00:00')"
Q1,frio,10,0.180917,"(14958, '2026-09-18 10:00:00', '2026-09-18 10:00:00')"
Q1,frio,11,0.142375,"(14858, '2026-09-18 10:00:00', '2026-09-18 10:00:00')"
Q1,frio,12,0.143167,"(14857, '2026-09-18 10:00:00', '2026-09-18 10:00:00')"
Q1,frio,13,0.162042,"(14873, '2026-09-18 10:00:00', '2026-09-18 10:00:00')"
Q1,frio,14,0.170667,"(14905, '2026-09-18 10:00:00', '2026-09-18 10:00:00')"
Q1,frio,15,0.218625,"(14909, '2026-09-18 10:00:00', '2026-09-18 10:00:00')"
Q1,frio,16,0.197000,"(14979, '2026-09-18 10:00:00', '2026-09-18 10:00:00')"
Q1,frio,17,0.131625,"(14856, '2026-09-18 10:00:00', '2026-09-18 10:00:00')"
Q1,frio,18,0.136167,"(14993, '2026-09-18 10:00:00', '2026-09-18 10:00:00')"
Q1,frio,19,0.151208,"(14900, '2026-09-18 10:00:00', '2026-09-18 10:00:00')"
Q1,frio,20,0.147291,"(14989, '2026-09-18 10:00:00', '2026-09-18 10:00:00')"
Q1,frio,21,0.149625,"(14957, '2026-09-18 10:00:00', '2026-09-18 10:00:00')"
Q1,frio,22,0.138750,"(14906, '2026-09-18 10:00:00', '2026-09-18 10:00:00')"
Q1,frio,23,0.146875,"(14964, '2026-09-18 10:00:00', '2026-09-18 10:00:00')"
Q1,frio,24,0.155292,"(14921, '2026-09-18 10:00:00', '2026-09-18 10:00:00')"
Q1,frio,25,0.147333,"(14851, '2026-09-18 10:00:00', '2026-09-18 10:00:00')"
Q1,frio,26,0.142084,"(14890, '2026-09-18 10:00:00', '2026-09-18 10:00:00')"
Q1,frio,27,0.124834,"(14958, '2026-09-18 10:00:00', '2026-09-18 10:00:00')"
Q1,frio,28,0.129916,"(14937, '2026-09-18 10:00:00', '2026-09-18 10:00:00')"
Q1,frio,29,0.130959,"(14921, '2026-09-18 10:00:00', '2026-09-18 10:00:00')"
Q1,frio,30,0.121292,"(14889, '2026-09-18 10:00:00', '2026-09-18 10:00:00')"
Q1,frio,31,0.132292,"(14905, '2026-09-18 10:00:00', '2026-09-18 10:00:00')"
Q1,frio,32,0.119459,"(14936, '2026-09-18 10:00:00', '2026-09-18 10:00:00')"
Q1,frio,33,0.122750,"(14876, '2026-09-18 10:00:00', '2026-09-18 10:00:00')"
Q1,frio,34,0.115042,"(14873, '2026-09-18 10:00:00', '2026-09-18 10:00:00')"
Q1,frio,35,0.118333,"(14947, '2026-09-18 10:00:00', '2026-09-18 10:00:00')"
Q1,frio,36,0.117250,"(14874, '2026-09-18 10:00:00', '2026-09-18 10:00:00')"
Q1,frio,37,0.139750,"(14941, '2026-09-18 10:00:00', '2026-09-18 10:00:00')"
Q1,frio,38,0.117709,"(14938, '2026-09-18 10:00:00', '2026-09-18 10:00:00')"
Q1,frio,39,0.116708,"(14917, '2026-09-18 10:00:00', '2026-09-18 10:00:00')"
Q1,frio,40,0.123500,"(14861, '2026-09-18 10:00:00', '2026-09-18 10:00:00')"
Q1,frio,41,0.125916,"(14967, '2026-09-18 10:00:00', '2026-09-18 10:00:00')"
Q1,frio,42,0.115375,"(14987, '2026-09-18 10:00:00', '2026-09-18 10:00:00')"
Q1,frio,43,0.118291,"(14881, '2026-09-18 10:00:00', '2026-09-18 10:00:00')"
Q1,frio,44,0.137834,"(14946, '2026-09-18 10:00:00', '2026-09-18 10:00:00')"
Q1,frio,45,0.125125,"(14870, '2026-09-18 10:00:00', '2026-09-18 10:00:00')"
Q1,frio,46,0.160459,"(14991, '2026-09-18 10:00:00', '2026-09-18 10:00:00')"
Q1,frio,47,0.126750,"(14925, '2026-09-18 10:00:00', '2026-09-18 10:00:00')"
Q1,frio,48,0.118542,"(14942, '2026-09-18 10:00:00', '2026-09-18 10:00:00')"
Q1,frio,49,0.118833,"(14997, '2026-09-18 10:00:00', '2026-09-18 10:00:00')"
Q1,frio,50,0.112584,"(14899, '2026-09-18 10:00:00', '2026-09-18 10:00:00')"
Q1,frio,51,0.128250,"(14867, '2026-09-18 10:00:00', '2026-09-18 10:00:00')"
Q1,frio,52,0.120125,"(14861, '2026-09-18 10:00:00', '2026-09-18 10:00:00')"
Q1,frio,53,0.119083,"(14908, '2026-09-18 10:00:00', '2026-09-18 10:00:00')"
Q1,frio,54,0.134958,"(14924, '2026-09-18 10:00:00', '2026-09-18 10:00:00')"
Q1,frio,55,0.121250,"(14870, '2026-09-18 10:00:00', '2026-09-18 10:00:00')"
Q1,frio,56,0.109042,"(14909, '2026-09-18 10:00:00', '2026-09-18 10:00:00')"
Q1,frio,57,0.140583,"(14875, '2026-09-18 10:00:00', '2026-09-18 10:00:00')"
Q1,frio,58,0.121333,"(14947, '2026-09-18 10:00:00', '2026-09-18 10:00:00')"
Q1,frio,59,0.118750,"(14921, '2026-09-18 10:00:00', '2026-09-18 10:00:00')"
Q1,frio,60,0.116750,"(14966, '2026-09-18 10:00:00', '2026-09-18 10:00:00')"
Q1,frio,61,0.118833,"(14943, '2026-09-18 10:00:00', '2026-09-18 10:00:00')"
Q1,frio,62,0.132875,"(14891, '2026-09-18 10:00:00', '2026-09-18 10:00:00')"
Q1,frio,63,0.118125,"(14944, '2026-09-18 10:00:00', '2026-09-18 10:00:00')"
Q1,frio,64,0.126166,"(14940, '2026-09-18 10:00:00', '2026-09-18 10:00:00')"
Q1,frio,65,0.105250,"(14903, '2026-09-18 10:00:00', '2026-09-18 10:00:00')"
Q1,frio,66,0.122250,"(14918, '2026-09-18 10:00:00', '2026-09-18 10:00:00')"
Q1,frio,67,0.120542,"(14868, '2026-09-18 10:00:00', '2026-09-18 10:00:00')"
Q1,frio,68,0.118500,"(14893, '2026-09-18 10:00:00', '2026-09-18 10:00:00')"
Q1,frio,69,0.137583,"(14986, '2026-09-18 10:00:00', '2026-09-18 10:00:00')"
Q1,frio,70,0.132916,"(14912, '2026-09-18 10:00:00', '2026-09-18 10:00:00')"
Q1,frio,71,0.109834,"(14891, '2026-09-18 10:00:00', '2026-09-18 10:00:00')"
Q1,frio,72,0.113334,"(14968, '2026-09-18 10:00:00', '2026-09-18 10:00:00')"
Q1,frio,73,0.115125,"(14947, '2026-09-18 10:00:00', '2026-09-18 10:00:00')"
Q1,frio,74,0.110916,"(14919, '2026-09-18 10:00:00', '2026-09-18 10:00:00')"
Q1,frio,75,0.102292,"(14992, '2026-09-18 10:00:00', '2026-09-18 10:00:00')"
Q1,frio,76,0.103334,"(14906, '2026-09-18 10:00:00', '2026-09-18 10:00:00')"
Q1,frio,77,0.105333,"(14933, '2026-09-18 10:00:00', '2026-09-18 10:00:00')"
Q1,frio,78,0.120917,"(14864, '2026-09-18 10:00:00', '2026-09-18 10:00:00')"
Q1,frio,79,0.114167,"(14908, '2026-09-18 10:00:00', '2026-09-18 10:00:00')"
Q1,frio,80,0.121667,"(14858, '2026-09-18 10:00:00', '2026-09-18 10:00:00')"
Q1,frio,81,0.124542,"(14930, '2026-09-18 10:00:00', '2026-09-18 10:00:00')"
Q1,frio,82,0.139916,"(14952, '2026-09-18 10:00:00', '2026-09-18 10:00:00')"
Q1,frio,83,0.125708,"(14918, '2026-09-18 10:00:00', '2026-09-18 10:00:00')"
Q1,frio,84,0.128833,"(14866, '2026-09-18 10:00:00', '2026-09-18 10:00:00')"
Q1,frio,85,0.118458,"(14904, '2026-09-18 10:00:00', '2026-09-18 10:00:00')"
Q1,frio,86,0.125041,"(14995, '2026-09-18 10:00:00', '2026-09-18 10:00:00')"
Q1,frio,87,0.115167,"(14930, '2026-09-18 10:00:00', '2026-09-18 10:00:00')"
Q1,frio,88,0.122834,"(14904, '2026-09-18 10:00:00', '2026-09-18 10:00:00')"
Q1,frio,89,0.124500,"(14977, '2026-09-18 10:00:00', '2026-09-18 10:00:00')"
Q1,frio,90,0.117458,"(14951, '2026-09-18 10:00:00', '2026-09-18 10:00:00')"
Q1,frio,91,0.130250,"(14967, '2026-09-18 10:00:00', '2026-09-18 10:00:00')"
Q1,frio,92,0.116875,"(14886, '2026-09-18 10:00:00', '2026-09-18 10:00:00')"
Q1,frio,93,0.111959,"(14917, '2026-09-18 10:00:00', '2026-09-18 10:00:00')"
Q1,frio,94,0.135417,"(14885, '2026-09-18 10:00:00', '2026-09-18 10:00:00')"
Q1,frio,95,0.119917,"(14913, '2026-09-18 10:00:00', '2026-09-18 10:00:00')"
Q1,frio,96,0.118417,"(14993, '2026-09-18 10:00:00', '2026-09-18 10:00:00')"
Q1,frio,97,0.105375,"(14987, '2026-09-18 10:00:00', '2026-09-18 10:00:00')"
Q1,frio,98,0.135541,"(14917, '2026-09-18 10:00:00', '2026-09-18 10:00:00')"
Q1,frio,99,0.137500,"(15000, '2026-09-18 10:00:00', '2026-09-18 10:00:00')"
Q1,frio,100,0.112959,"(14959, '2026-09-18 10:00:00', '2026-09-18 10:00:00')"
Q1,frio,101,0.124083,"(15000, '2026-09-18 10:00:00', '2026-09-18 10:00:00')"
Q1,frio,102,0.135000,"(14952, '2026-09-18 10:00:00', '2026-09-18 10:00:00')"
Q1,frio,103,0.135041,"(14942, '2026-09-18 10:00:00', '2026-09-18 10:00:00')"
Q1,frio,104,0.113167,"(14906, '2026-09-18 10:00:00', '2026-09-18 10:00:00')"
Q1,frio,105,0.126708,"(14885, '2026-09-18 10:00:00', '2026-09-18 10:00:00')"
Q1,frio,106,0.110959,"(14980, '2026-09-18 10:00:00', '2026-09-18 10:00:00')"
Q1,frio,107,0.115875,"(14976, '2026-09-18 10:00:00', '2026-09-18 10:00:00')"
Q1,frio,108,0.113667,"(14873, '2026-09-18 10:00:00', '2026-09-18 10:00:00')"
Q1,frio,109,0.112667,"(14862, '2026-09-18 10:00:00', '2026-09-18 10:00:00')"
Q1,frio,110,0.120458,"(14878, '2026-09-18 10:00:00', '2026-09-18 10:00:00')"
Q1,frio,111,0.113084,"(14889, '2026-09-18 10:00:00', '2026-09-18 10:00:00')"
Q1,frio,112,0.125375,"(14890, '2026-09-18 10:00:00', '2026-09-18 10:00:00')"
Q1,frio,113,0.110334,"(14958, '2026-09-18 10:00:00', '2026-09-18 10:00:00')"
Q1,frio,114,0.121917,"(14866, '2026-09-18 10:00:00', '2026-09-18 10:00:00')"
Q1,frio,115,0.130500,"(14948, '2026-09-18 10:00:00', '2026-09-18 10:00:00')"
Q1,frio,116,0.125042,"(14947, '2026-09-18 10:00:00', '2026-09-18 10:00:00')"
Q1,frio,117,0.123625,"(14969, '2026-09-18 10:00:00', '2026-09-18 10:00:00')"
Q1,frio,118,0.116959,"(14985, '2026-09-18 10:00:00', '2026-09-18 10:00:00')"
Q1,frio,119,0.125709,"(14914, '2026-09-18 10:00:00', '2026-09-18 10:00:00')"
Q1,frio,120,0.115791,"(14991, '2026-09-18 10:00:00', '2026-09-18 10:00:00')"
Q1,frio,121,0.120250,"(14852, '2026-09-18 10:00:00', '2026-09-18 10:00:00')"
Q1,frio,122,0.108542,"(14879, '2026-09-18 10:00:00', '2026-09-18 10:00:00')"
Q1,frio,123,0.108166,"(14987, '2026-09-18 10:00:00', '2026-09-18 10:00:00')"
Q1,frio,124,0.104916,"(14918, '2026-09-18 10:00:00', '2026-09-18 10:00:00')"
Q1,frio,125,0.127084,"(14937, '2026-09-18 10:00:00', '2026-09-18 10:00:00')"
Q1,frio,126,0.118709,"(14878, '2026-09-18 10:00:00', '2026-09-18 10:00:00')"
Q1,frio,127,0.101292,"(14925, '2026-09-18 10:00:00', '2026-09-18 10:00:00')"
Q1,frio,128,0.109291,"(14961, '2026-09-18 10:00:00', '2026-09-18 10:00:00')"
Q1,frio,129,0.123333,"(14890, '2026-09-18 10:00:00', '2026-09-18 10:00:00')"
Q1,frio,130,0.111958,"(14966, '2026-09-18 10:00:00', '2026-09-18 10:00:00')"
Q1,frio,131,0.125792,"(14850, '2026-09-18 10:00:00', '2026-09-18 10:00:00')"
Q1,frio,132,0.109667,"(14917, '2026-09-18 10:00:00', '2026-09-18 10:00:00')"
Q1,frio,133,0.109750,"(14978, '2026-09-18 10:00:00', '2026-09-18 10:00:00')"
Q1,frio,134,0.124834,"(14895, '2026-09-18 10:00:00', '2026-09-18 10:00:00')"
Q1,frio,135,0.105792,"(14979, '2026-09-18 10:00:00', '2026-09-18 10:00:00')"
Q1,frio,136,0.119459,"(14877, '2026-09-18 10:00:00', '2026-09-18 10:00:00')"
Q1,frio,137,0.111583,"(14926, '2026-09-18 10:00:00', '2026-09-18 10:00:00')"
Q1,frio,138,0.131250,"(14979, '2026-09-18 10:00:00', '2026-09-18 10:00:00')"
Q1,frio,139,0.114250,"(14900, '2026-09-18 10:00:00', '2026-09-18 10:00:00')"
Q1,frio,140,0.105042,"(14889, '2026-09-18 10:00:00', '2026-09-18 10:00:00')"
Q1,frio,141,0.107750,"(14945, '2026-09-18 10:00:00', '2026-09-18 10:00:00')"
Q1,frio,142,0.116209,"(14891, '2026-09-18 10:00:00', '2026-09-18 10:00:00')"
Q1,frio,143,0.112167,"(14988, '2026-09-18 10:00:00', '2026-09-18 10:00:00')"
Q1,frio,144,0.124041,"(14985, '2026-09-18 10:00:00', '2026-09-18 10:00:00')"
Q1,frio,145,0.110750,"(14850, '2026-09-18 10:00:00', '2026-09-18 10:00:00')"
Q1,frio,146,0.110792,"(14932, '2026-09-18 10:00:00', '2026-09-18 10:00:00')"
Q1,frio,147,0.123708,"(14975, '2026-09-18 10:00:00', '2026-09-18 10:00:00')"
Q1,frio,148,0.114417,"(14854, '2026-09-18 10:00:00', '2026-09-18 10:00:00')"
Q1,frio,149,0.121500,"(14878, '2026-09-18 10:00:00', '2026-09-18 10:00:00')"
Q1,frio,150,0.127375,"(14942, '2026-09-18 10:00:00', '2026-09-18 10:00:00')"
Q1,frio,151,0.113375,"(14928, '2026-09-18 10:00:00', '2026-09-18 10:00:00')"
Q1,frio,152,0.122708,"(14911, '2026-09-18 10:00:00', '2026-09-18 10:00:00')"
Q1,frio,153,0.114666,"(14864, '2026-09-18 10:00:00', '2026-09-18 10:00:00')"
Q1,frio,154,0.115167,"(14911, '2026-09-18 10:00:00', '2026-09-18 10:00:00')"
Q1,frio,155,0.119542,"(14995, '2026-09-18 10:00:00', '2026-09-18 10:00:00')"
Q1,frio,156,0.114042,"(14870, '2026-09-18 10:00:00', '2026-09-18 10:00:00')"
Q1,frio,157,0.105042,"(14871, '2026-09-18 10:00:00', '2026-09-18 10:00:00')"
Q1,frio,158,0.122125,"(14974, '2026-09-18 10:00:00', '2026-09-18 10:00:00')"
Q1,frio,159,0.107208,"(14867, '2026-09-18 10:00:00', '2026-09-18 10:00:00')"
Q1,frio,160,0.108333,"(14986, '2026-09-18 10:00:00', '2026-09-18 10:00:00')"
Q1,frio,161,0.110209,"(14882, '2026-09-18 10:00:00', '2026-09-18 10:00:00')"
Q1,frio,162,0.127542,"(14882, '2026-09-18 10:00:00', '2026-09-18 10:00:00')"
Q1,frio,163,0.102959,"(14971, '2026-09-18 10:00:00', '2026-09-18 10:00:00')"
Q1,frio,164,0.111333,"(14990, '2026-09-18 10:00:00', '2026-09-18 10:00:00')"
Q1,frio,165,0.113209,"(14892, '2026-09-18 10:00:00', '2026-09-18 10:00:00')"
Q1,frio,166,0.106750,"(14917, '2026-09-18 10:00:00', '2026-09-18 10:00:00')"
Q1,frio,167,0.121917,"(14985, '2026-09-18 10:00:00', '2026-09-18 10:00:00')"
Q1,frio,168,0.106291,"(14958, '2026-09-18 10:00:00', '2026-09-18 10:00:00')"
Q1,frio,169,0.107917,"(14904, '2026-09-18 10:00:00', '2026-09-18 10:00:00')"
Q1,frio,170,0.105917,"(14988, '2026-09-18 10:00:00', '2026-09-18 10:00:00')"
Q1,frio,171,0.169500,"(14901, '2026-09-18 10:00:00', '2026-09-18 10:00:00')"
Q1,frio,172,0.132417,"(14929, '2026-09-18 10:00:00', '2026-09-18 10:00:00')"
Q1,frio,173,0.125208,"(14952, '2026-09-18 10:00:00', '2026-09-18 10:00:00')"
Q1,frio,174,0.143083,"(14945, '2026-09-18 10:00:00', '2026-09-18 10:00:00')"
Q1,frio,175,0.131167,"(14962, '2026-09-18 10:00:00', '2026-09-18 10:00:00')"
Q1,frio,176,0.123083,"(14982, '2026-09-18 10:00:00', '2026-09-18 10:00:00')"
Q1,frio,177,0.139209,"(14965, '2026-09-18 10:00:00', '2026-09-18 10:00:00')"
Q1,frio,178,0.124208,"(14880, '2026-09-18 10:00:00', '2026-09-18 10:00:00')"
Q1,frio,179,0.125250,"(14913, '2026-09-18 10:00:00', '2026-09-18 10:00:00')"
Q1,frio,180,0.111417,"(14907, '2026-09-18 10:00:00', '2026-09-18 10:00:00')"
Q1,frio,181,0.101125,"(14866, '2026-09-18 10:00:00', '2026-09-18 10:00:00')"
Q1,frio,182,0.133125,"(14936, '2026-09-18 10:00:00', '2026-09-18 10:00:00')"
Q1,frio,183,0.117250,"(14855, '2026-09-18 10:00:00', '2026-09-18 10:00:00')"
Q1,frio,184,0.114500,"(14991, '2026-09-18 10:00:00', '2026-09-18 10:00:00')"
Q1,frio,185,0.108041,"(14908, '2026-09-18 10:00:00', '2026-09-18 10:00:00')"
Q1,frio,186,0.111125,"(14906, '2026-09-18 10:00:00', '2026-09-18 10:00:00')"
Q1,frio,187,0.121375,"(14851, '2026-09-18 10:00:00', '2026-09-18 10:00:00')"
Q1,frio,188,0.111125,"(14868, '2026-09-18 10:00:00', '2026-09-18 10:00:00')"
Q1,frio,189,0.137792,"(14865, '2026-09-18 10:00:00', '2026-09-18 10:00:00')"
Q1,frio,190,0.120084,"(14908, '2026-09-18 10:00:00', '2026-09-18 10:00:00')"
Q1,frio,191,0.155583,"(14867, '2026-09-18 10:00:00', '2026-09-18 10:00:00')"
Q1,frio,192,0.134459,"(14858, '2026-09-18 10:00:00', '2026-09-18 10:00:00')"
Q1,frio,193,0.141208,"(14934, '2026-09-18 10:00:00', '2026-09-18 10:00:00')"
Q1,frio,194,0.137333,"(14868, '2026-09-18 10:00:00', '2026-09-18 10:00:00')"
Q1,frio,195,0.142667,"(14981, '2026-09-18 10:00:00', '2026-09-18 10:00:00')"
Q1,frio,196,0.139125,"(14910, '2026-09-18 10:00:00', '2026-09-18 10:00:00')"
Q1,frio,197,0.123166,"(14921, '2026-09-18 10:00:00', '2026-09-18 10:00:00')"
Q1,frio,198,0.134750,"(14974, '2026-09-18 10:00:00', '2026-09-18 10:00:00')"
Q1,frio,199,0.135750,"(14904, '2026-09-18 10:00:00', '2026-09-18 10:00:00')"
Q1,frio,200,0.137750,"(14988, '2026-09-18 10:00:00', '2026-09-18 10:00:00')"
Q2,frio,1,1.113500,"(14878, ['SKU-0014878', 'SKU-0029878', 'SKU-0044878', 'SKU-0059878', 'SKU-0074878', 'SKU-0089878', 'SKU-0104878', 'SKU-0119878', 'SKU-0134878', 'SKU-0149878', 'SKU-0164878', 'SKU-0179878', 'SKU-0194878', 'SKU-0209878', 'SKU-0224878', 'SKU-0239878', 'SKU-0254878', 'SKU-0269878', 'SKU-0284878', 'SKU-0299878'], '2026-09-18', '2026-09-18')"
Q2,frio,2,0.250333,"(14856, ['SKU-0014856', 'SKU-0029856', 'SKU-0044856', 'SKU-0059856', 'SKU-0074856', 'SKU-0089856', 'SKU-0104856', 'SKU-0119856', 'SKU-0134856', 'SKU-0149856', 'SKU-0164856', 'SKU-0179856', 'SKU-0194856', 'SKU-0209856', 'SKU-0224856', 'SKU-0239856', 'SKU-0254856', 'SKU-0269856', 'SKU-0284856', 'SKU-0299856'], '2026-09-18', '2026-09-18')"
Q2,frio,3,0.254083,"(14920, ['SKU-0014920', 'SKU-0029920', 'SKU-0044920', 'SKU-0059920', 'SKU-0074920', 'SKU-0089920', 'SKU-0104920', 'SKU-0119920', 'SKU-0134920', 'SKU-0149920', 'SKU-0164920', 'SKU-0179920', 'SKU-0194920', 'SKU-0209920', 'SKU-0224920', 'SKU-0239920', 'SKU-0254920', 'SKU-0269920', 'SKU-0284920', 'SKU-0299920'], '2026-09-18', '2026-09-18')"
Q2,frio,4,0.176500,"(14912, ['SKU-0014912', 'SKU-0029912', 'SKU-0044912', 'SKU-0059912', 'SKU-0074912', 'SKU-0089912', 'SKU-0104912', 'SKU-0119912', 'SKU-0134912', 'SKU-0149912', 'SKU-0164912', 'SKU-0179912', 'SKU-0194912', 'SKU-0209912', 'SKU-0224912', 'SKU-0239912', 'SKU-0254912', 'SKU-0269912', 'SKU-0284912', 'SKU-0299912'], '2026-09-18', '2026-09-18')"
Q2,frio,5,0.177542,"(14907, ['SKU-0014907', 'SKU-0029907', 'SKU-0044907', 'SKU-0059907', 'SKU-0074907', 'SKU-0089907', 'SKU-0104907', 'SKU-0119907', 'SKU-0134907', 'SKU-0149907', 'SKU-0164907', 'SKU-0179907', 'SKU-0194907', 'SKU-0209907', 'SKU-0224907', 'SKU-0239907', 'SKU-0254907', 'SKU-0269907', 'SKU-0284907', 'SKU-0299907'], '2026-09-18', '2026-09-18')"
Q2,frio,6,0.174709,"(14885, ['SKU-0014885', 'SKU-0029885', 'SKU-0044885', 'SKU-0059885', 'SKU-0074885', 'SKU-0089885', 'SKU-0104885', 'SKU-0119885', 'SKU-0134885', 'SKU-0149885', 'SKU-0164885', 'SKU-0179885', 'SKU-0194885', 'SKU-0209885', 'SKU-0224885', 'SKU-0239885', 'SKU-0254885', 'SKU-0269885', 'SKU-0284885', 'SKU-0299885'], '2026-09-18', '2026-09-18')"
Q2,frio,7,0.196333,"(14876, ['SKU-0014876', 'SKU-0029876', 'SKU-0044876', 'SKU-0059876', 'SKU-0074876', 'SKU-0089876', 'SKU-0104876', 'SKU-0119876', 'SKU-0134876', 'SKU-0149876', 'SKU-0164876', 'SKU-0179876', 'SKU-0194876', 'SKU-0209876', 'SKU-0224876', 'SKU-0239876', 'SKU-0254876', 'SKU-0269876', 'SKU-0284876', 'SKU-0299876'], '2026-09-18', '2026-09-18')"
Q2,frio,8,0.334416,"(14989, ['SKU-0014989', 'SKU-0029989', 'SKU-0044989', 'SKU-0059989', 'SKU-0074989', 'SKU-0089989', 'SKU-0104989', 'SKU-0119989', 'SKU-0134989', 'SKU-0149989', 'SKU-0164989', 'SKU-0179989', 'SKU-0194989', 'SKU-0209989', 'SKU-0224989', 'SKU-0239989', 'SKU-0254989', 'SKU-0269989', 'SKU-0284989', 'SKU-0299989'], '2026-09-18', '2026-09-18')"
Q2,frio,9,0.178125,"(14872, ['SKU-0014872', 'SKU-0029872', 'SKU-0044872', 'SKU-0059872', 'SKU-0074872', 'SKU-0089872', 'SKU-0104872', 'SKU-0119872', 'SKU-0134872', 'SKU-0149872', 'SKU-0164872', 'SKU-0179872', 'SKU-0194872', 'SKU-0209872', 'SKU-0224872', 'SKU-0239872', 'SKU-0254872', 'SKU-0269872', 'SKU-0284872', 'SKU-0299872'], '2026-09-18', '2026-09-18')"
Q2,frio,10,0.169542,"(14958, ['SKU-0014958', 'SKU-0029958', 'SKU-0044958', 'SKU-0059958', 'SKU-0074958', 'SKU-0089958', 'SKU-0104958', 'SKU-0119958', 'SKU-0134958', 'SKU-0149958', 'SKU-0164958', 'SKU-0179958', 'SKU-0194958', 'SKU-0209958', 'SKU-0224958', 'SKU-0239958', 'SKU-0254958', 'SKU-0269958', 'SKU-0284958', 'SKU-0299958'], '2026-09-18', '2026-09-18')"
Q2,frio,11,0.159584,"(14858, ['SKU-0014858', 'SKU-0029858', 'SKU-0044858', 'SKU-0059858', 'SKU-0074858', 'SKU-0089858', 'SKU-0104858', 'SKU-0119858', 'SKU-0134858', 'SKU-0149858', 'SKU-0164858', 'SKU-0179858', 'SKU-0194858', 'SKU-0209858', 'SKU-0224858', 'SKU-0239858', 'SKU-0254858', 'SKU-0269858', 'SKU-0284858', 'SKU-0299858'], '2026-09-18', '2026-09-18')"
Q2,frio,12,0.162500,"(14857, ['SKU-0014857', 'SKU-0029857', 'SKU-0044857', 'SKU-0059857', 'SKU-0074857', 'SKU-0089857', 'SKU-0104857', 'SKU-0119857', 'SKU-0134857', 'SKU-0149857', 'SKU-0164857', 'SKU-0179857', 'SKU-0194857', 'SKU-0209857', 'SKU-0224857', 'SKU-0239857', 'SKU-0254857', 'SKU-0269857', 'SKU-0284857', 'SKU-0299857'], '2026-09-18', '2026-09-18')"
Q2,frio,13,0.175667,"(14873, ['SKU-0014873', 'SKU-0029873', 'SKU-0044873', 'SKU-0059873', 'SKU-0074873', 'SKU-0089873', 'SKU-0104873', 'SKU-0119873', 'SKU-0134873', 'SKU-0149873', 'SKU-0164873', 'SKU-0179873', 'SKU-0194873', 'SKU-0209873', 'SKU-0224873', 'SKU-0239873', 'SKU-0254873', 'SKU-0269873', 'SKU-0284873', 'SKU-0299873'], '2026-09-18', '2026-09-18')"
Q2,frio,14,0.186833,"(14905, ['SKU-0014905', 'SKU-0029905', 'SKU-0044905', 'SKU-0059905', 'SKU-0074905', 'SKU-0089905', 'SKU-0104905', 'SKU-0119905', 'SKU-0134905', 'SKU-0149905', 'SKU-0164905', 'SKU-0179905', 'SKU-0194905', 'SKU-0209905', 'SKU-0224905', 'SKU-0239905', 'SKU-0254905', 'SKU-0269905', 'SKU-0284905', 'SKU-0299905'], '2026-09-18', '2026-09-18')"
Q2,frio,15,0.167125,"(14909, ['SKU-0014909', 'SKU-0029909', 'SKU-0044909', 'SKU-0059909', 'SKU-0074909', 'SKU-0089909', 'SKU-0104909', 'SKU-0119909', 'SKU-0134909', 'SKU-0149909', 'SKU-0164909', 'SKU-0179909', 'SKU-0194909', 'SKU-0209909', 'SKU-0224909', 'SKU-0239909', 'SKU-0254909', 'SKU-0269909', 'SKU-0284909', 'SKU-0299909'], '2026-09-18', '2026-09-18')"
Q2,frio,16,0.162417,"(14979, ['SKU-0014979', 'SKU-0029979', 'SKU-0044979', 'SKU-0059979', 'SKU-0074979', 'SKU-0089979', 'SKU-0104979', 'SKU-0119979', 'SKU-0134979', 'SKU-0149979', 'SKU-0164979', 'SKU-0179979', 'SKU-0194979', 'SKU-0209979', 'SKU-0224979', 'SKU-0239979', 'SKU-0254979', 'SKU-0269979', 'SKU-0284979', 'SKU-0299979'], '2026-09-18', '2026-09-18')"
Q2,frio,17,0.168125,"(14856, ['SKU-0014856', 'SKU-0029856', 'SKU-0044856', 'SKU-0059856', 'SKU-0074856', 'SKU-0089856', 'SKU-0104856', 'SKU-0119856', 'SKU-0134856', 'SKU-0149856', 'SKU-0164856', 'SKU-0179856', 'SKU-0194856', 'SKU-0209856', 'SKU-0224856', 'SKU-0239856', 'SKU-0254856', 'SKU-0269856', 'SKU-0284856', 'SKU-0299856'], '2026-09-18', '2026-09-18')"
Q2,frio,18,0.178166,"(14993, ['SKU-0014993', 'SKU-0029993', 'SKU-0044993', 'SKU-0059993', 'SKU-0074993', 'SKU-0089993', 'SKU-0104993', 'SKU-0119993', 'SKU-0134993', 'SKU-0149993', 'SKU-0164993', 'SKU-0179993', 'SKU-0194993', 'SKU-0209993', 'SKU-0224993', 'SKU-0239993', 'SKU-0254993', 'SKU-0269993', 'SKU-0284993', 'SKU-0299993'], '2026-09-18', '2026-09-18')"
Q2,frio,19,0.177500,"(14900, ['SKU-0014900', 'SKU-0029900', 'SKU-0044900', 'SKU-0059900', 'SKU-0074900', 'SKU-0089900', 'SKU-0104900', 'SKU-0119900', 'SKU-0134900', 'SKU-0149900', 'SKU-0164900', 'SKU-0179900', 'SKU-0194900', 'SKU-0209900', 'SKU-0224900', 'SKU-0239900', 'SKU-0254900', 'SKU-0269900', 'SKU-0284900', 'SKU-0299900'], '2026-09-18', '2026-09-18')"
Q2,frio,20,0.172875,"(14989, ['SKU-0014989', 'SKU-0029989', 'SKU-0044989', 'SKU-0059989', 'SKU-0074989', 'SKU-0089989', 'SKU-0104989', 'SKU-0119989', 'SKU-0134989', 'SKU-0149989', 'SKU-0164989', 'SKU-0179989', 'SKU-0194989', 'SKU-0209989', 'SKU-0224989', 'SKU-0239989', 'SKU-0254989', 'SKU-0269989', 'SKU-0284989', 'SKU-0299989'], '2026-09-18', '2026-09-18')"
Q2,frio,21,0.156125,"(14957, ['SKU-0014957', 'SKU-0029957', 'SKU-0044957', 'SKU-0059957', 'SKU-0074957', 'SKU-0089957', 'SKU-0104957', 'SKU-0119957', 'SKU-0134957', 'SKU-0149957', 'SKU-0164957', 'SKU-0179957', 'SKU-0194957', 'SKU-0209957', 'SKU-0224957', 'SKU-0239957', 'SKU-0254957', 'SKU-0269957', 'SKU-0284957', 'SKU-0299957'], '2026-09-18', '2026-09-18')"
Q2,frio,22,0.164958,"(14906, ['SKU-0014906', 'SKU-0029906', 'SKU-0044906', 'SKU-0059906', 'SKU-0074906', 'SKU-0089906', 'SKU-0104906', 'SKU-0119906', 'SKU-0134906', 'SKU-0149906', 'SKU-0164906', 'SKU-0179906', 'SKU-0194906', 'SKU-0209906', 'SKU-0224906', 'SKU-0239906', 'SKU-0254906', 'SKU-0269906', 'SKU-0284906', 'SKU-0299906'], '2026-09-18', '2026-09-18')"
Q2,frio,23,0.158792,"(14964, ['SKU-0014964', 'SKU-0029964', 'SKU-0044964', 'SKU-0059964', 'SKU-0074964', 'SKU-0089964', 'SKU-0104964', 'SKU-0119964', 'SKU-0134964', 'SKU-0149964', 'SKU-0164964', 'SKU-0179964', 'SKU-0194964', 'SKU-0209964', 'SKU-0224964', 'SKU-0239964', 'SKU-0254964', 'SKU-0269964', 'SKU-0284964', 'SKU-0299964'], '2026-09-18', '2026-09-18')"
Q2,frio,24,0.170208,"(14921, ['SKU-0014921', 'SKU-0029921', 'SKU-0044921', 'SKU-0059921', 'SKU-0074921', 'SKU-0089921', 'SKU-0104921', 'SKU-0119921', 'SKU-0134921', 'SKU-0149921', 'SKU-0164921', 'SKU-0179921', 'SKU-0194921', 'SKU-0209921', 'SKU-0224921', 'SKU-0239921', 'SKU-0254921', 'SKU-0269921', 'SKU-0284921', 'SKU-0299921'], '2026-09-18', '2026-09-18')"
Q2,frio,25,0.181875,"(14851, ['SKU-0014851', 'SKU-0029851', 'SKU-0044851', 'SKU-0059851', 'SKU-0074851', 'SKU-0089851', 'SKU-0104851', 'SKU-0119851', 'SKU-0134851', 'SKU-0149851', 'SKU-0164851', 'SKU-0179851', 'SKU-0194851', 'SKU-0209851', 'SKU-0224851', 'SKU-0239851', 'SKU-0254851', 'SKU-0269851', 'SKU-0284851', 'SKU-0299851'], '2026-09-18', '2026-09-18')"
Q2,frio,26,0.163833,"(14890, ['SKU-0014890', 'SKU-0029890', 'SKU-0044890', 'SKU-0059890', 'SKU-0074890', 'SKU-0089890', 'SKU-0104890', 'SKU-0119890', 'SKU-0134890', 'SKU-0149890', 'SKU-0164890', 'SKU-0179890', 'SKU-0194890', 'SKU-0209890', 'SKU-0224890', 'SKU-0239890', 'SKU-0254890', 'SKU-0269890', 'SKU-0284890', 'SKU-0299890'], '2026-09-18', '2026-09-18')"
Q2,frio,27,0.160667,"(14958, ['SKU-0014958', 'SKU-0029958', 'SKU-0044958', 'SKU-0059958', 'SKU-0074958', 'SKU-0089958', 'SKU-0104958', 'SKU-0119958', 'SKU-0134958', 'SKU-0149958', 'SKU-0164958', 'SKU-0179958', 'SKU-0194958', 'SKU-0209958', 'SKU-0224958', 'SKU-0239958', 'SKU-0254958', 'SKU-0269958', 'SKU-0284958', 'SKU-0299958'], '2026-09-18', '2026-09-18')"
Q2,frio,28,0.167958,"(14937, ['SKU-0014937', 'SKU-0029937', 'SKU-0044937', 'SKU-0059937', 'SKU-0074937', 'SKU-0089937', 'SKU-0104937', 'SKU-0119937', 'SKU-0134937', 'SKU-0149937', 'SKU-0164937', 'SKU-0179937', 'SKU-0194937', 'SKU-0209937', 'SKU-0224937', 'SKU-0239937', 'SKU-0254937', 'SKU-0269937', 'SKU-0284937', 'SKU-0299937'], '2026-09-18', '2026-09-18')"
Q2,frio,29,0.164375,"(14921, ['SKU-0014921', 'SKU-0029921', 'SKU-0044921', 'SKU-0059921', 'SKU-0074921', 'SKU-0089921', 'SKU-0104921', 'SKU-0119921', 'SKU-0134921', 'SKU-0149921', 'SKU-0164921', 'SKU-0179921', 'SKU-0194921', 'SKU-0209921', 'SKU-0224921', 'SKU-0239921', 'SKU-0254921', 'SKU-0269921', 'SKU-0284921', 'SKU-0299921'], '2026-09-18', '2026-09-18')"
Q2,frio,30,0.168792,"(14889, ['SKU-0014889', 'SKU-0029889', 'SKU-0044889', 'SKU-0059889', 'SKU-0074889', 'SKU-0089889', 'SKU-0104889', 'SKU-0119889', 'SKU-0134889', 'SKU-0149889', 'SKU-0164889', 'SKU-0179889', 'SKU-0194889', 'SKU-0209889', 'SKU-0224889', 'SKU-0239889', 'SKU-0254889', 'SKU-0269889', 'SKU-0284889', 'SKU-0299889'], '2026-09-18', '2026-09-18')"
Q2,frio,31,0.172375,"(14905, ['SKU-0014905', 'SKU-0029905', 'SKU-0044905', 'SKU-0059905', 'SKU-0074905', 'SKU-0089905', 'SKU-0104905', 'SKU-0119905', 'SKU-0134905', 'SKU-0149905', 'SKU-0164905', 'SKU-0179905', 'SKU-0194905', 'SKU-0209905', 'SKU-0224905', 'SKU-0239905', 'SKU-0254905', 'SKU-0269905', 'SKU-0284905', 'SKU-0299905'], '2026-09-18', '2026-09-18')"
Q2,frio,32,0.158083,"(14936, ['SKU-0014936', 'SKU-0029936', 'SKU-0044936', 'SKU-0059936', 'SKU-0074936', 'SKU-0089936', 'SKU-0104936', 'SKU-0119936', 'SKU-0134936', 'SKU-0149936', 'SKU-0164936', 'SKU-0179936', 'SKU-0194936', 'SKU-0209936', 'SKU-0224936', 'SKU-0239936', 'SKU-0254936', 'SKU-0269936', 'SKU-0284936', 'SKU-0299936'], '2026-09-18', '2026-09-18')"
Q2,frio,33,0.165375,"(14876, ['SKU-0014876', 'SKU-0029876', 'SKU-0044876', 'SKU-0059876', 'SKU-0074876', 'SKU-0089876', 'SKU-0104876', 'SKU-0119876', 'SKU-0134876', 'SKU-0149876', 'SKU-0164876', 'SKU-0179876', 'SKU-0194876', 'SKU-0209876', 'SKU-0224876', 'SKU-0239876', 'SKU-0254876', 'SKU-0269876', 'SKU-0284876', 'SKU-0299876'], '2026-09-18', '2026-09-18')"
Q2,frio,34,0.167542,"(14873, ['SKU-0014873', 'SKU-0029873', 'SKU-0044873', 'SKU-0059873', 'SKU-0074873', 'SKU-0089873', 'SKU-0104873', 'SKU-0119873', 'SKU-0134873', 'SKU-0149873', 'SKU-0164873', 'SKU-0179873', 'SKU-0194873', 'SKU-0209873', 'SKU-0224873', 'SKU-0239873', 'SKU-0254873', 'SKU-0269873', 'SKU-0284873', 'SKU-0299873'], '2026-09-18', '2026-09-18')"
Q2,frio,35,0.156250,"(14947, ['SKU-0014947', 'SKU-0029947', 'SKU-0044947', 'SKU-0059947', 'SKU-0074947', 'SKU-0089947', 'SKU-0104947', 'SKU-0119947', 'SKU-0134947', 'SKU-0149947', 'SKU-0164947', 'SKU-0179947', 'SKU-0194947', 'SKU-0209947', 'SKU-0224947', 'SKU-0239947', 'SKU-0254947', 'SKU-0269947', 'SKU-0284947', 'SKU-0299947'], '2026-09-18', '2026-09-18')"
Q2,frio,36,0.160459,"(14874, ['SKU-0014874', 'SKU-0029874', 'SKU-0044874', 'SKU-0059874', 'SKU-0074874', 'SKU-0089874', 'SKU-0104874', 'SKU-0119874', 'SKU-0134874', 'SKU-0149874', 'SKU-0164874', 'SKU-0179874', 'SKU-0194874', 'SKU-0209874', 'SKU-0224874', 'SKU-0239874', 'SKU-0254874', 'SKU-0269874', 'SKU-0284874', 'SKU-0299874'], '2026-09-18', '2026-09-18')"
Q2,frio,37,0.176208,"(14941, ['SKU-0014941', 'SKU-0029941', 'SKU-0044941', 'SKU-0059941', 'SKU-0074941', 'SKU-0089941', 'SKU-0104941', 'SKU-0119941', 'SKU-0134941', 'SKU-0149941', 'SKU-0164941', 'SKU-0179941', 'SKU-0194941', 'SKU-0209941', 'SKU-0224941', 'SKU-0239941', 'SKU-0254941', 'SKU-0269941', 'SKU-0284941', 'SKU-0299941'], '2026-09-18', '2026-09-18')"
Q2,frio,38,0.168667,"(14938, ['SKU-0014938', 'SKU-0029938', 'SKU-0044938', 'SKU-0059938', 'SKU-0074938', 'SKU-0089938', 'SKU-0104938', 'SKU-0119938', 'SKU-0134938', 'SKU-0149938', 'SKU-0164938', 'SKU-0179938', 'SKU-0194938', 'SKU-0209938', 'SKU-0224938', 'SKU-0239938', 'SKU-0254938', 'SKU-0269938', 'SKU-0284938', 'SKU-0299938'], '2026-09-18', '2026-09-18')"
Q2,frio,39,0.165667,"(14917, ['SKU-0014917', 'SKU-0029917', 'SKU-0044917', 'SKU-0059917', 'SKU-0074917', 'SKU-0089917', 'SKU-0104917', 'SKU-0119917', 'SKU-0134917', 'SKU-0149917', 'SKU-0164917', 'SKU-0179917', 'SKU-0194917', 'SKU-0209917', 'SKU-0224917', 'SKU-0239917', 'SKU-0254917', 'SKU-0269917', 'SKU-0284917', 'SKU-0299917'], '2026-09-18', '2026-09-18')"
Q2,frio,40,0.181583,"(14861, ['SKU-0014861', 'SKU-0029861', 'SKU-0044861', 'SKU-0059861', 'SKU-0074861', 'SKU-0089861', 'SKU-0104861', 'SKU-0119861', 'SKU-0134861', 'SKU-0149861', 'SKU-0164861', 'SKU-0179861', 'SKU-0194861', 'SKU-0209861', 'SKU-0224861', 'SKU-0239861', 'SKU-0254861', 'SKU-0269861', 'SKU-0284861', 'SKU-0299861'], '2026-09-18', '2026-09-18')"
Q2,frio,41,0.156500,"(14967, ['SKU-0014967', 'SKU-0029967', 'SKU-0044967', 'SKU-0059967', 'SKU-0074967', 'SKU-0089967', 'SKU-0104967', 'SKU-0119967', 'SKU-0134967', 'SKU-0149967', 'SKU-0164967', 'SKU-0179967', 'SKU-0194967', 'SKU-0209967', 'SKU-0224967', 'SKU-0239967', 'SKU-0254967', 'SKU-0269967', 'SKU-0284967', 'SKU-0299967'], '2026-09-18', '2026-09-18')"
Q2,frio,42,0.167958,"(14987, ['SKU-0014987', 'SKU-0029987', 'SKU-0044987', 'SKU-0059987', 'SKU-0074987', 'SKU-0089987', 'SKU-0104987', 'SKU-0119987', 'SKU-0134987', 'SKU-0149987', 'SKU-0164987', 'SKU-0179987', 'SKU-0194987', 'SKU-0209987', 'SKU-0224987', 'SKU-0239987', 'SKU-0254987', 'SKU-0269987', 'SKU-0284987', 'SKU-0299987'], '2026-09-18', '2026-09-18')"
Q2,frio,43,0.168042,"(14881, ['SKU-0014881', 'SKU-0029881', 'SKU-0044881', 'SKU-0059881', 'SKU-0074881', 'SKU-0089881', 'SKU-0104881', 'SKU-0119881', 'SKU-0134881', 'SKU-0149881', 'SKU-0164881', 'SKU-0179881', 'SKU-0194881', 'SKU-0209881', 'SKU-0224881', 'SKU-0239881', 'SKU-0254881', 'SKU-0269881', 'SKU-0284881', 'SKU-0299881'], '2026-09-18', '2026-09-18')"
Q2,frio,44,0.173167,"(14946, ['SKU-0014946', 'SKU-0029946', 'SKU-0044946', 'SKU-0059946', 'SKU-0074946', 'SKU-0089946', 'SKU-0104946', 'SKU-0119946', 'SKU-0134946', 'SKU-0149946', 'SKU-0164946', 'SKU-0179946', 'SKU-0194946', 'SKU-0209946', 'SKU-0224946', 'SKU-0239946', 'SKU-0254946', 'SKU-0269946', 'SKU-0284946', 'SKU-0299946'], '2026-09-18', '2026-09-18')"
Q2,frio,45,0.171125,"(14870, ['SKU-0014870', 'SKU-0029870', 'SKU-0044870', 'SKU-0059870', 'SKU-0074870', 'SKU-0089870', 'SKU-0104870', 'SKU-0119870', 'SKU-0134870', 'SKU-0149870', 'SKU-0164870', 'SKU-0179870', 'SKU-0194870', 'SKU-0209870', 'SKU-0224870', 'SKU-0239870', 'SKU-0254870', 'SKU-0269870', 'SKU-0284870', 'SKU-0299870'], '2026-09-18', '2026-09-18')"
Q2,frio,46,0.152708,"(14991, ['SKU-0014991', 'SKU-0029991', 'SKU-0044991', 'SKU-0059991', 'SKU-0074991', 'SKU-0089991', 'SKU-0104991', 'SKU-0119991', 'SKU-0134991', 'SKU-0149991', 'SKU-0164991', 'SKU-0179991', 'SKU-0194991', 'SKU-0209991', 'SKU-0224991', 'SKU-0239991', 'SKU-0254991', 'SKU-0269991', 'SKU-0284991', 'SKU-0299991'], '2026-09-18', '2026-09-18')"
Q2,frio,47,0.156375,"(14925, ['SKU-0014925', 'SKU-0029925', 'SKU-0044925', 'SKU-0059925', 'SKU-0074925', 'SKU-0089925', 'SKU-0104925', 'SKU-0119925', 'SKU-0134925', 'SKU-0149925', 'SKU-0164925', 'SKU-0179925', 'SKU-0194925', 'SKU-0209925', 'SKU-0224925', 'SKU-0239925', 'SKU-0254925', 'SKU-0269925', 'SKU-0284925', 'SKU-0299925'], '2026-09-18', '2026-09-18')"
Q2,frio,48,0.163375,"(14942, ['SKU-0014942', 'SKU-0029942', 'SKU-0044942', 'SKU-0059942', 'SKU-0074942', 'SKU-0089942', 'SKU-0104942', 'SKU-0119942', 'SKU-0134942', 'SKU-0149942', 'SKU-0164942', 'SKU-0179942', 'SKU-0194942', 'SKU-0209942', 'SKU-0224942', 'SKU-0239942', 'SKU-0254942', 'SKU-0269942', 'SKU-0284942', 'SKU-0299942'], '2026-09-18', '2026-09-18')"
Q2,frio,49,0.168959,"(14997, ['SKU-0014997', 'SKU-0029997', 'SKU-0044997', 'SKU-0059997', 'SKU-0074997', 'SKU-0089997', 'SKU-0104997', 'SKU-0119997', 'SKU-0134997', 'SKU-0149997', 'SKU-0164997', 'SKU-0179997', 'SKU-0194997', 'SKU-0209997', 'SKU-0224997', 'SKU-0239997', 'SKU-0254997', 'SKU-0269997', 'SKU-0284997', 'SKU-0299997'], '2026-09-18', '2026-09-18')"
Q2,frio,50,0.160583,"(14899, ['SKU-0014899', 'SKU-0029899', 'SKU-0044899', 'SKU-0059899', 'SKU-0074899', 'SKU-0089899', 'SKU-0104899', 'SKU-0119899', 'SKU-0134899', 'SKU-0149899', 'SKU-0164899', 'SKU-0179899', 'SKU-0194899', 'SKU-0209899', 'SKU-0224899', 'SKU-0239899', 'SKU-0254899', 'SKU-0269899', 'SKU-0284899', 'SKU-0299899'], '2026-09-18', '2026-09-18')"
Q2,frio,51,0.162959,"(14867, ['SKU-0014867', 'SKU-0029867', 'SKU-0044867', 'SKU-0059867', 'SKU-0074867', 'SKU-0089867', 'SKU-0104867', 'SKU-0119867', 'SKU-0134867', 'SKU-0149867', 'SKU-0164867', 'SKU-0179867', 'SKU-0194867', 'SKU-0209867', 'SKU-0224867', 'SKU-0239867', 'SKU-0254867', 'SKU-0269867', 'SKU-0284867', 'SKU-0299867'], '2026-09-18', '2026-09-18')"
Q2,frio,52,0.153125,"(14861, ['SKU-0014861', 'SKU-0029861', 'SKU-0044861', 'SKU-0059861', 'SKU-0074861', 'SKU-0089861', 'SKU-0104861', 'SKU-0119861', 'SKU-0134861', 'SKU-0149861', 'SKU-0164861', 'SKU-0179861', 'SKU-0194861', 'SKU-0209861', 'SKU-0224861', 'SKU-0239861', 'SKU-0254861', 'SKU-0269861', 'SKU-0284861', 'SKU-0299861'], '2026-09-18', '2026-09-18')"
Q2,frio,53,0.204250,"(14908, ['SKU-0014908', 'SKU-0029908', 'SKU-0044908', 'SKU-0059908', 'SKU-0074908', 'SKU-0089908', 'SKU-0104908', 'SKU-0119908', 'SKU-0134908', 'SKU-0149908', 'SKU-0164908', 'SKU-0179908', 'SKU-0194908', 'SKU-0209908', 'SKU-0224908', 'SKU-0239908', 'SKU-0254908', 'SKU-0269908', 'SKU-0284908', 'SKU-0299908'], '2026-09-18', '2026-09-18')"
Q2,frio,54,0.179542,"(14924, ['SKU-0014924', 'SKU-0029924', 'SKU-0044924', 'SKU-0059924', 'SKU-0074924', 'SKU-0089924', 'SKU-0104924', 'SKU-0119924', 'SKU-0134924', 'SKU-0149924', 'SKU-0164924', 'SKU-0179924', 'SKU-0194924', 'SKU-0209924', 'SKU-0224924', 'SKU-0239924', 'SKU-0254924', 'SKU-0269924', 'SKU-0284924', 'SKU-0299924'], '2026-09-18', '2026-09-18')"
Q2,frio,55,0.164041,"(14870, ['SKU-0014870', 'SKU-0029870', 'SKU-0044870', 'SKU-0059870', 'SKU-0074870', 'SKU-0089870', 'SKU-0104870', 'SKU-0119870', 'SKU-0134870', 'SKU-0149870', 'SKU-0164870', 'SKU-0179870', 'SKU-0194870', 'SKU-0209870', 'SKU-0224870', 'SKU-0239870', 'SKU-0254870', 'SKU-0269870', 'SKU-0284870', 'SKU-0299870'], '2026-09-18', '2026-09-18')"
Q2,frio,56,0.160625,"(14909, ['SKU-0014909', 'SKU-0029909', 'SKU-0044909', 'SKU-0059909', 'SKU-0074909', 'SKU-0089909', 'SKU-0104909', 'SKU-0119909', 'SKU-0134909', 'SKU-0149909', 'SKU-0164909', 'SKU-0179909', 'SKU-0194909', 'SKU-0209909', 'SKU-0224909', 'SKU-0239909', 'SKU-0254909', 'SKU-0269909', 'SKU-0284909', 'SKU-0299909'], '2026-09-18', '2026-09-18')"
Q2,frio,57,0.167959,"(14875, ['SKU-0014875', 'SKU-0029875', 'SKU-0044875', 'SKU-0059875', 'SKU-0074875', 'SKU-0089875', 'SKU-0104875', 'SKU-0119875', 'SKU-0134875', 'SKU-0149875', 'SKU-0164875', 'SKU-0179875', 'SKU-0194875', 'SKU-0209875', 'SKU-0224875', 'SKU-0239875', 'SKU-0254875', 'SKU-0269875', 'SKU-0284875', 'SKU-0299875'], '2026-09-18', '2026-09-18')"
Q2,frio,58,0.177875,"(14947, ['SKU-0014947', 'SKU-0029947', 'SKU-0044947', 'SKU-0059947', 'SKU-0074947', 'SKU-0089947', 'SKU-0104947', 'SKU-0119947', 'SKU-0134947', 'SKU-0149947', 'SKU-0164947', 'SKU-0179947', 'SKU-0194947', 'SKU-0209947', 'SKU-0224947', 'SKU-0239947', 'SKU-0254947', 'SKU-0269947', 'SKU-0284947', 'SKU-0299947'], '2026-09-18', '2026-09-18')"
Q2,frio,59,0.158625,"(14921, ['SKU-0014921', 'SKU-0029921', 'SKU-0044921', 'SKU-0059921', 'SKU-0074921', 'SKU-0089921', 'SKU-0104921', 'SKU-0119921', 'SKU-0134921', 'SKU-0149921', 'SKU-0164921', 'SKU-0179921', 'SKU-0194921', 'SKU-0209921', 'SKU-0224921', 'SKU-0239921', 'SKU-0254921', 'SKU-0269921', 'SKU-0284921', 'SKU-0299921'], '2026-09-18', '2026-09-18')"
Q2,frio,60,0.168292,"(14966, ['SKU-0014966', 'SKU-0029966', 'SKU-0044966', 'SKU-0059966', 'SKU-0074966', 'SKU-0089966', 'SKU-0104966', 'SKU-0119966', 'SKU-0134966', 'SKU-0149966', 'SKU-0164966', 'SKU-0179966', 'SKU-0194966', 'SKU-0209966', 'SKU-0224966', 'SKU-0239966', 'SKU-0254966', 'SKU-0269966', 'SKU-0284966', 'SKU-0299966'], '2026-09-18', '2026-09-18')"
Q2,frio,61,0.168500,"(14943, ['SKU-0014943', 'SKU-0029943', 'SKU-0044943', 'SKU-0059943', 'SKU-0074943', 'SKU-0089943', 'SKU-0104943', 'SKU-0119943', 'SKU-0134943', 'SKU-0149943', 'SKU-0164943', 'SKU-0179943', 'SKU-0194943', 'SKU-0209943', 'SKU-0224943', 'SKU-0239943', 'SKU-0254943', 'SKU-0269943', 'SKU-0284943', 'SKU-0299943'], '2026-09-18', '2026-09-18')"
Q2,frio,62,0.168000,"(14891, ['SKU-0014891', 'SKU-0029891', 'SKU-0044891', 'SKU-0059891', 'SKU-0074891', 'SKU-0089891', 'SKU-0104891', 'SKU-0119891', 'SKU-0134891', 'SKU-0149891', 'SKU-0164891', 'SKU-0179891', 'SKU-0194891', 'SKU-0209891', 'SKU-0224891', 'SKU-0239891', 'SKU-0254891', 'SKU-0269891', 'SKU-0284891', 'SKU-0299891'], '2026-09-18', '2026-09-18')"
Q2,frio,63,0.156250,"(14944, ['SKU-0014944', 'SKU-0029944', 'SKU-0044944', 'SKU-0059944', 'SKU-0074944', 'SKU-0089944', 'SKU-0104944', 'SKU-0119944', 'SKU-0134944', 'SKU-0149944', 'SKU-0164944', 'SKU-0179944', 'SKU-0194944', 'SKU-0209944', 'SKU-0224944', 'SKU-0239944', 'SKU-0254944', 'SKU-0269944', 'SKU-0284944', 'SKU-0299944'], '2026-09-18', '2026-09-18')"
Q2,frio,64,0.169166,"(14940, ['SKU-0014940', 'SKU-0029940', 'SKU-0044940', 'SKU-0059940', 'SKU-0074940', 'SKU-0089940', 'SKU-0104940', 'SKU-0119940', 'SKU-0134940', 'SKU-0149940', 'SKU-0164940', 'SKU-0179940', 'SKU-0194940', 'SKU-0209940', 'SKU-0224940', 'SKU-0239940', 'SKU-0254940', 'SKU-0269940', 'SKU-0284940', 'SKU-0299940'], '2026-09-18', '2026-09-18')"
Q2,frio,65,0.163625,"(14903, ['SKU-0014903', 'SKU-0029903', 'SKU-0044903', 'SKU-0059903', 'SKU-0074903', 'SKU-0089903', 'SKU-0104903', 'SKU-0119903', 'SKU-0134903', 'SKU-0149903', 'SKU-0164903', 'SKU-0179903', 'SKU-0194903', 'SKU-0209903', 'SKU-0224903', 'SKU-0239903', 'SKU-0254903', 'SKU-0269903', 'SKU-0284903', 'SKU-0299903'], '2026-09-18', '2026-09-18')"
Q2,frio,66,0.168208,"(14918, ['SKU-0014918', 'SKU-0029918', 'SKU-0044918', 'SKU-0059918', 'SKU-0074918', 'SKU-0089918', 'SKU-0104918', 'SKU-0119918', 'SKU-0134918', 'SKU-0149918', 'SKU-0164918', 'SKU-0179918', 'SKU-0194918', 'SKU-0209918', 'SKU-0224918', 'SKU-0239918', 'SKU-0254918', 'SKU-0269918', 'SKU-0284918', 'SKU-0299918'], '2026-09-18', '2026-09-18')"
Q2,frio,67,0.159625,"(14868, ['SKU-0014868', 'SKU-0029868', 'SKU-0044868', 'SKU-0059868', 'SKU-0074868', 'SKU-0089868', 'SKU-0104868', 'SKU-0119868', 'SKU-0134868', 'SKU-0149868', 'SKU-0164868', 'SKU-0179868', 'SKU-0194868', 'SKU-0209868', 'SKU-0224868', 'SKU-0239868', 'SKU-0254868', 'SKU-0269868', 'SKU-0284868', 'SKU-0299868'], '2026-09-18', '2026-09-18')"
Q2,frio,68,0.155417,"(14893, ['SKU-0014893', 'SKU-0029893', 'SKU-0044893', 'SKU-0059893', 'SKU-0074893', 'SKU-0089893', 'SKU-0104893', 'SKU-0119893', 'SKU-0134893', 'SKU-0149893', 'SKU-0164893', 'SKU-0179893', 'SKU-0194893', 'SKU-0209893', 'SKU-0224893', 'SKU-0239893', 'SKU-0254893', 'SKU-0269893', 'SKU-0284893', 'SKU-0299893'], '2026-09-18', '2026-09-18')"
Q2,frio,69,0.174291,"(14986, ['SKU-0014986', 'SKU-0029986', 'SKU-0044986', 'SKU-0059986', 'SKU-0074986', 'SKU-0089986', 'SKU-0104986', 'SKU-0119986', 'SKU-0134986', 'SKU-0149986', 'SKU-0164986', 'SKU-0179986', 'SKU-0194986', 'SKU-0209986', 'SKU-0224986', 'SKU-0239986', 'SKU-0254986', 'SKU-0269986', 'SKU-0284986', 'SKU-0299986'], '2026-09-18', '2026-09-18')"
Q2,frio,70,0.182334,"(14912, ['SKU-0014912', 'SKU-0029912', 'SKU-0044912', 'SKU-0059912', 'SKU-0074912', 'SKU-0089912', 'SKU-0104912', 'SKU-0119912', 'SKU-0134912', 'SKU-0149912', 'SKU-0164912', 'SKU-0179912', 'SKU-0194912', 'SKU-0209912', 'SKU-0224912', 'SKU-0239912', 'SKU-0254912', 'SKU-0269912', 'SKU-0284912', 'SKU-0299912'], '2026-09-18', '2026-09-18')"
Q2,frio,71,0.159500,"(14891, ['SKU-0014891', 'SKU-0029891', 'SKU-0044891', 'SKU-0059891', 'SKU-0074891', 'SKU-0089891', 'SKU-0104891', 'SKU-0119891', 'SKU-0134891', 'SKU-0149891', 'SKU-0164891', 'SKU-0179891', 'SKU-0194891', 'SKU-0209891', 'SKU-0224891', 'SKU-0239891', 'SKU-0254891', 'SKU-0269891', 'SKU-0284891', 'SKU-0299891'], '2026-09-18', '2026-09-18')"
Q2,frio,72,0.166917,"(14968, ['SKU-0014968', 'SKU-0029968', 'SKU-0044968', 'SKU-0059968', 'SKU-0074968', 'SKU-0089968', 'SKU-0104968', 'SKU-0119968', 'SKU-0134968', 'SKU-0149968', 'SKU-0164968', 'SKU-0179968', 'SKU-0194968', 'SKU-0209968', 'SKU-0224968', 'SKU-0239968', 'SKU-0254968', 'SKU-0269968', 'SKU-0284968', 'SKU-0299968'], '2026-09-18', '2026-09-18')"
Q2,frio,73,0.162084,"(14947, ['SKU-0014947', 'SKU-0029947', 'SKU-0044947', 'SKU-0059947', 'SKU-0074947', 'SKU-0089947', 'SKU-0104947', 'SKU-0119947', 'SKU-0134947', 'SKU-0149947', 'SKU-0164947', 'SKU-0179947', 'SKU-0194947', 'SKU-0209947', 'SKU-0224947', 'SKU-0239947', 'SKU-0254947', 'SKU-0269947', 'SKU-0284947', 'SKU-0299947'], '2026-09-18', '2026-09-18')"
Q2,frio,74,0.160625,"(14919, ['SKU-0014919', 'SKU-0029919', 'SKU-0044919', 'SKU-0059919', 'SKU-0074919', 'SKU-0089919', 'SKU-0104919', 'SKU-0119919', 'SKU-0134919', 'SKU-0149919', 'SKU-0164919', 'SKU-0179919', 'SKU-0194919', 'SKU-0209919', 'SKU-0224919', 'SKU-0239919', 'SKU-0254919', 'SKU-0269919', 'SKU-0284919', 'SKU-0299919'], '2026-09-18', '2026-09-18')"
Q2,frio,75,0.169167,"(14992, ['SKU-0014992', 'SKU-0029992', 'SKU-0044992', 'SKU-0059992', 'SKU-0074992', 'SKU-0089992', 'SKU-0104992', 'SKU-0119992', 'SKU-0134992', 'SKU-0149992', 'SKU-0164992', 'SKU-0179992', 'SKU-0194992', 'SKU-0209992', 'SKU-0224992', 'SKU-0239992', 'SKU-0254992', 'SKU-0269992', 'SKU-0284992', 'SKU-0299992'], '2026-09-18', '2026-09-18')"
Q2,frio,76,0.169250,"(14906, ['SKU-0014906', 'SKU-0029906', 'SKU-0044906', 'SKU-0059906', 'SKU-0074906', 'SKU-0089906', 'SKU-0104906', 'SKU-0119906', 'SKU-0134906', 'SKU-0149906', 'SKU-0164906', 'SKU-0179906', 'SKU-0194906', 'SKU-0209906', 'SKU-0224906', 'SKU-0239906', 'SKU-0254906', 'SKU-0269906', 'SKU-0284906', 'SKU-0299906'], '2026-09-18', '2026-09-18')"
Q2,frio,77,0.157250,"(14933, ['SKU-0014933', 'SKU-0029933', 'SKU-0044933', 'SKU-0059933', 'SKU-0074933', 'SKU-0089933', 'SKU-0104933', 'SKU-0119933', 'SKU-0134933', 'SKU-0149933', 'SKU-0164933', 'SKU-0179933', 'SKU-0194933', 'SKU-0209933', 'SKU-0224933', 'SKU-0239933', 'SKU-0254933', 'SKU-0269933', 'SKU-0284933', 'SKU-0299933'], '2026-09-18', '2026-09-18')"
Q2,frio,78,0.173583,"(14864, ['SKU-0014864', 'SKU-0029864', 'SKU-0044864', 'SKU-0059864', 'SKU-0074864', 'SKU-0089864', 'SKU-0104864', 'SKU-0119864', 'SKU-0134864', 'SKU-0149864', 'SKU-0164864', 'SKU-0179864', 'SKU-0194864', 'SKU-0209864', 'SKU-0224864', 'SKU-0239864', 'SKU-0254864', 'SKU-0269864', 'SKU-0284864', 'SKU-0299864'], '2026-09-18', '2026-09-18')"
Q2,frio,79,0.163083,"(14908, ['SKU-0014908', 'SKU-0029908', 'SKU-0044908', 'SKU-0059908', 'SKU-0074908', 'SKU-0089908', 'SKU-0104908', 'SKU-0119908', 'SKU-0134908', 'SKU-0149908', 'SKU-0164908', 'SKU-0179908', 'SKU-0194908', 'SKU-0209908', 'SKU-0224908', 'SKU-0239908', 'SKU-0254908', 'SKU-0269908', 'SKU-0284908', 'SKU-0299908'], '2026-09-18', '2026-09-18')"
Q2,frio,80,0.160416,"(14858, ['SKU-0014858', 'SKU-0029858', 'SKU-0044858', 'SKU-0059858', 'SKU-0074858', 'SKU-0089858', 'SKU-0104858', 'SKU-0119858', 'SKU-0134858', 'SKU-0149858', 'SKU-0164858', 'SKU-0179858', 'SKU-0194858', 'SKU-0209858', 'SKU-0224858', 'SKU-0239858', 'SKU-0254858', 'SKU-0269858', 'SKU-0284858', 'SKU-0299858'], '2026-09-18', '2026-09-18')"
Q2,frio,81,0.167042,"(14930, ['SKU-0014930', 'SKU-0029930', 'SKU-0044930', 'SKU-0059930', 'SKU-0074930', 'SKU-0089930', 'SKU-0104930', 'SKU-0119930', 'SKU-0134930', 'SKU-0149930', 'SKU-0164930', 'SKU-0179930', 'SKU-0194930', 'SKU-0209930', 'SKU-0224930', 'SKU-0239930', 'SKU-0254930', 'SKU-0269930', 'SKU-0284930', 'SKU-0299930'], '2026-09-18', '2026-09-18')"
Q2,frio,82,0.167500,"(14952, ['SKU-0014952', 'SKU-0029952', 'SKU-0044952', 'SKU-0059952', 'SKU-0074952', 'SKU-0089952', 'SKU-0104952', 'SKU-0119952', 'SKU-0134952', 'SKU-0149952', 'SKU-0164952', 'SKU-0179952', 'SKU-0194952', 'SKU-0209952', 'SKU-0224952', 'SKU-0239952', 'SKU-0254952', 'SKU-0269952', 'SKU-0284952', 'SKU-0299952'], '2026-09-18', '2026-09-18')"
Q2,frio,83,0.185542,"(14918, ['SKU-0014918', 'SKU-0029918', 'SKU-0044918', 'SKU-0059918', 'SKU-0074918', 'SKU-0089918', 'SKU-0104918', 'SKU-0119918', 'SKU-0134918', 'SKU-0149918', 'SKU-0164918', 'SKU-0179918', 'SKU-0194918', 'SKU-0209918', 'SKU-0224918', 'SKU-0239918', 'SKU-0254918', 'SKU-0269918', 'SKU-0284918', 'SKU-0299918'], '2026-09-18', '2026-09-18')"
Q2,frio,84,0.162875,"(14866, ['SKU-0014866', 'SKU-0029866', 'SKU-0044866', 'SKU-0059866', 'SKU-0074866', 'SKU-0089866', 'SKU-0104866', 'SKU-0119866', 'SKU-0134866', 'SKU-0149866', 'SKU-0164866', 'SKU-0179866', 'SKU-0194866', 'SKU-0209866', 'SKU-0224866', 'SKU-0239866', 'SKU-0254866', 'SKU-0269866', 'SKU-0284866', 'SKU-0299866'], '2026-09-18', '2026-09-18')"
Q2,frio,85,0.166834,"(14904, ['SKU-0014904', 'SKU-0029904', 'SKU-0044904', 'SKU-0059904', 'SKU-0074904', 'SKU-0089904', 'SKU-0104904', 'SKU-0119904', 'SKU-0134904', 'SKU-0149904', 'SKU-0164904', 'SKU-0179904', 'SKU-0194904', 'SKU-0209904', 'SKU-0224904', 'SKU-0239904', 'SKU-0254904', 'SKU-0269904', 'SKU-0284904', 'SKU-0299904'], '2026-09-18', '2026-09-18')"
Q2,frio,86,0.162708,"(14995, ['SKU-0014995', 'SKU-0029995', 'SKU-0044995', 'SKU-0059995', 'SKU-0074995', 'SKU-0089995', 'SKU-0104995', 'SKU-0119995', 'SKU-0134995', 'SKU-0149995', 'SKU-0164995', 'SKU-0179995', 'SKU-0194995', 'SKU-0209995', 'SKU-0224995', 'SKU-0239995', 'SKU-0254995', 'SKU-0269995', 'SKU-0284995', 'SKU-0299995'], '2026-09-18', '2026-09-18')"
Q2,frio,87,0.143791,"(14930, ['SKU-0014930', 'SKU-0029930', 'SKU-0044930', 'SKU-0059930', 'SKU-0074930', 'SKU-0089930', 'SKU-0104930', 'SKU-0119930', 'SKU-0134930', 'SKU-0149930', 'SKU-0164930', 'SKU-0179930', 'SKU-0194930', 'SKU-0209930', 'SKU-0224930', 'SKU-0239930', 'SKU-0254930', 'SKU-0269930', 'SKU-0284930', 'SKU-0299930'], '2026-09-18', '2026-09-18')"
Q2,frio,88,0.168542,"(14904, ['SKU-0014904', 'SKU-0029904', 'SKU-0044904', 'SKU-0059904', 'SKU-0074904', 'SKU-0089904', 'SKU-0104904', 'SKU-0119904', 'SKU-0134904', 'SKU-0149904', 'SKU-0164904', 'SKU-0179904', 'SKU-0194904', 'SKU-0209904', 'SKU-0224904', 'SKU-0239904', 'SKU-0254904', 'SKU-0269904', 'SKU-0284904', 'SKU-0299904'], '2026-09-18', '2026-09-18')"
Q2,frio,89,0.156125,"(14977, ['SKU-0014977', 'SKU-0029977', 'SKU-0044977', 'SKU-0059977', 'SKU-0074977', 'SKU-0089977', 'SKU-0104977', 'SKU-0119977', 'SKU-0134977', 'SKU-0149977', 'SKU-0164977', 'SKU-0179977', 'SKU-0194977', 'SKU-0209977', 'SKU-0224977', 'SKU-0239977', 'SKU-0254977', 'SKU-0269977', 'SKU-0284977', 'SKU-0299977'], '2026-09-18', '2026-09-18')"
Q2,frio,90,0.159917,"(14951, ['SKU-0014951', 'SKU-0029951', 'SKU-0044951', 'SKU-0059951', 'SKU-0074951', 'SKU-0089951', 'SKU-0104951', 'SKU-0119951', 'SKU-0134951', 'SKU-0149951', 'SKU-0164951', 'SKU-0179951', 'SKU-0194951', 'SKU-0209951', 'SKU-0224951', 'SKU-0239951', 'SKU-0254951', 'SKU-0269951', 'SKU-0284951', 'SKU-0299951'], '2026-09-18', '2026-09-18')"
Q2,frio,91,0.196375,"(14967, ['SKU-0014967', 'SKU-0029967', 'SKU-0044967', 'SKU-0059967', 'SKU-0074967', 'SKU-0089967', 'SKU-0104967', 'SKU-0119967', 'SKU-0134967', 'SKU-0149967', 'SKU-0164967', 'SKU-0179967', 'SKU-0194967', 'SKU-0209967', 'SKU-0224967', 'SKU-0239967', 'SKU-0254967', 'SKU-0269967', 'SKU-0284967', 'SKU-0299967'], '2026-09-18', '2026-09-18')"
Q2,frio,92,0.203166,"(14886, ['SKU-0014886', 'SKU-0029886', 'SKU-0044886', 'SKU-0059886', 'SKU-0074886', 'SKU-0089886', 'SKU-0104886', 'SKU-0119886', 'SKU-0134886', 'SKU-0149886', 'SKU-0164886', 'SKU-0179886', 'SKU-0194886', 'SKU-0209886', 'SKU-0224886', 'SKU-0239886', 'SKU-0254886', 'SKU-0269886', 'SKU-0284886', 'SKU-0299886'], '2026-09-18', '2026-09-18')"
Q2,frio,93,0.186792,"(14917, ['SKU-0014917', 'SKU-0029917', 'SKU-0044917', 'SKU-0059917', 'SKU-0074917', 'SKU-0089917', 'SKU-0104917', 'SKU-0119917', 'SKU-0134917', 'SKU-0149917', 'SKU-0164917', 'SKU-0179917', 'SKU-0194917', 'SKU-0209917', 'SKU-0224917', 'SKU-0239917', 'SKU-0254917', 'SKU-0269917', 'SKU-0284917', 'SKU-0299917'], '2026-09-18', '2026-09-18')"
Q2,frio,94,0.168209,"(14885, ['SKU-0014885', 'SKU-0029885', 'SKU-0044885', 'SKU-0059885', 'SKU-0074885', 'SKU-0089885', 'SKU-0104885', 'SKU-0119885', 'SKU-0134885', 'SKU-0149885', 'SKU-0164885', 'SKU-0179885', 'SKU-0194885', 'SKU-0209885', 'SKU-0224885', 'SKU-0239885', 'SKU-0254885', 'SKU-0269885', 'SKU-0284885', 'SKU-0299885'], '2026-09-18', '2026-09-18')"
Q2,frio,95,0.171542,"(14913, ['SKU-0014913', 'SKU-0029913', 'SKU-0044913', 'SKU-0059913', 'SKU-0074913', 'SKU-0089913', 'SKU-0104913', 'SKU-0119913', 'SKU-0134913', 'SKU-0149913', 'SKU-0164913', 'SKU-0179913', 'SKU-0194913', 'SKU-0209913', 'SKU-0224913', 'SKU-0239913', 'SKU-0254913', 'SKU-0269913', 'SKU-0284913', 'SKU-0299913'], '2026-09-18', '2026-09-18')"
Q2,frio,96,0.163792,"(14993, ['SKU-0014993', 'SKU-0029993', 'SKU-0044993', 'SKU-0059993', 'SKU-0074993', 'SKU-0089993', 'SKU-0104993', 'SKU-0119993', 'SKU-0134993', 'SKU-0149993', 'SKU-0164993', 'SKU-0179993', 'SKU-0194993', 'SKU-0209993', 'SKU-0224993', 'SKU-0239993', 'SKU-0254993', 'SKU-0269993', 'SKU-0284993', 'SKU-0299993'], '2026-09-18', '2026-09-18')"
Q2,frio,97,0.163292,"(14987, ['SKU-0014987', 'SKU-0029987', 'SKU-0044987', 'SKU-0059987', 'SKU-0074987', 'SKU-0089987', 'SKU-0104987', 'SKU-0119987', 'SKU-0134987', 'SKU-0149987', 'SKU-0164987', 'SKU-0179987', 'SKU-0194987', 'SKU-0209987', 'SKU-0224987', 'SKU-0239987', 'SKU-0254987', 'SKU-0269987', 'SKU-0284987', 'SKU-0299987'], '2026-09-18', '2026-09-18')"
Q2,frio,98,0.159083,"(14917, ['SKU-0014917', 'SKU-0029917', 'SKU-0044917', 'SKU-0059917', 'SKU-0074917', 'SKU-0089917', 'SKU-0104917', 'SKU-0119917', 'SKU-0134917', 'SKU-0149917', 'SKU-0164917', 'SKU-0179917', 'SKU-0194917', 'SKU-0209917', 'SKU-0224917', 'SKU-0239917', 'SKU-0254917', 'SKU-0269917', 'SKU-0284917', 'SKU-0299917'], '2026-09-18', '2026-09-18')"
Q2,frio,99,0.174375,"(15000, ['SKU-0015000', 'SKU-0030000', 'SKU-0045000', 'SKU-0060000', 'SKU-0075000', 'SKU-0090000', 'SKU-0105000', 'SKU-0120000', 'SKU-0135000', 'SKU-0150000', 'SKU-0165000', 'SKU-0180000', 'SKU-0195000', 'SKU-0210000', 'SKU-0225000', 'SKU-0240000', 'SKU-0255000', 'SKU-0270000', 'SKU-0285000', 'SKU-0300000'], '2026-09-18', '2026-09-18')"
Q2,frio,100,0.154458,"(14959, ['SKU-0014959', 'SKU-0029959', 'SKU-0044959', 'SKU-0059959', 'SKU-0074959', 'SKU-0089959', 'SKU-0104959', 'SKU-0119959', 'SKU-0134959', 'SKU-0149959', 'SKU-0164959', 'SKU-0179959', 'SKU-0194959', 'SKU-0209959', 'SKU-0224959', 'SKU-0239959', 'SKU-0254959', 'SKU-0269959', 'SKU-0284959', 'SKU-0299959'], '2026-09-18', '2026-09-18')"
Q2,frio,101,0.161083,"(15000, ['SKU-0015000', 'SKU-0030000', 'SKU-0045000', 'SKU-0060000', 'SKU-0075000', 'SKU-0090000', 'SKU-0105000', 'SKU-0120000', 'SKU-0135000', 'SKU-0150000', 'SKU-0165000', 'SKU-0180000', 'SKU-0195000', 'SKU-0210000', 'SKU-0225000', 'SKU-0240000', 'SKU-0255000', 'SKU-0270000', 'SKU-0285000', 'SKU-0300000'], '2026-09-18', '2026-09-18')"
Q2,frio,102,0.161416,"(14952, ['SKU-0014952', 'SKU-0029952', 'SKU-0044952', 'SKU-0059952', 'SKU-0074952', 'SKU-0089952', 'SKU-0104952', 'SKU-0119952', 'SKU-0134952', 'SKU-0149952', 'SKU-0164952', 'SKU-0179952', 'SKU-0194952', 'SKU-0209952', 'SKU-0224952', 'SKU-0239952', 'SKU-0254952', 'SKU-0269952', 'SKU-0284952', 'SKU-0299952'], '2026-09-18', '2026-09-18')"
Q2,frio,103,0.158083,"(14942, ['SKU-0014942', 'SKU-0029942', 'SKU-0044942', 'SKU-0059942', 'SKU-0074942', 'SKU-0089942', 'SKU-0104942', 'SKU-0119942', 'SKU-0134942', 'SKU-0149942', 'SKU-0164942', 'SKU-0179942', 'SKU-0194942', 'SKU-0209942', 'SKU-0224942', 'SKU-0239942', 'SKU-0254942', 'SKU-0269942', 'SKU-0284942', 'SKU-0299942'], '2026-09-18', '2026-09-18')"
Q2,frio,104,0.164875,"(14906, ['SKU-0014906', 'SKU-0029906', 'SKU-0044906', 'SKU-0059906', 'SKU-0074906', 'SKU-0089906', 'SKU-0104906', 'SKU-0119906', 'SKU-0134906', 'SKU-0149906', 'SKU-0164906', 'SKU-0179906', 'SKU-0194906', 'SKU-0209906', 'SKU-0224906', 'SKU-0239906', 'SKU-0254906', 'SKU-0269906', 'SKU-0284906', 'SKU-0299906'], '2026-09-18', '2026-09-18')"
Q2,frio,105,0.156917,"(14885, ['SKU-0014885', 'SKU-0029885', 'SKU-0044885', 'SKU-0059885', 'SKU-0074885', 'SKU-0089885', 'SKU-0104885', 'SKU-0119885', 'SKU-0134885', 'SKU-0149885', 'SKU-0164885', 'SKU-0179885', 'SKU-0194885', 'SKU-0209885', 'SKU-0224885', 'SKU-0239885', 'SKU-0254885', 'SKU-0269885', 'SKU-0284885', 'SKU-0299885'], '2026-09-18', '2026-09-18')"
Q2,frio,106,0.164083,"(14980, ['SKU-0014980', 'SKU-0029980', 'SKU-0044980', 'SKU-0059980', 'SKU-0074980', 'SKU-0089980', 'SKU-0104980', 'SKU-0119980', 'SKU-0134980', 'SKU-0149980', 'SKU-0164980', 'SKU-0179980', 'SKU-0194980', 'SKU-0209980', 'SKU-0224980', 'SKU-0239980', 'SKU-0254980', 'SKU-0269980', 'SKU-0284980', 'SKU-0299980'], '2026-09-18', '2026-09-18')"
Q2,frio,107,0.162958,"(14976, ['SKU-0014976', 'SKU-0029976', 'SKU-0044976', 'SKU-0059976', 'SKU-0074976', 'SKU-0089976', 'SKU-0104976', 'SKU-0119976', 'SKU-0134976', 'SKU-0149976', 'SKU-0164976', 'SKU-0179976', 'SKU-0194976', 'SKU-0209976', 'SKU-0224976', 'SKU-0239976', 'SKU-0254976', 'SKU-0269976', 'SKU-0284976', 'SKU-0299976'], '2026-09-18', '2026-09-18')"
Q2,frio,108,0.155917,"(14873, ['SKU-0014873', 'SKU-0029873', 'SKU-0044873', 'SKU-0059873', 'SKU-0074873', 'SKU-0089873', 'SKU-0104873', 'SKU-0119873', 'SKU-0134873', 'SKU-0149873', 'SKU-0164873', 'SKU-0179873', 'SKU-0194873', 'SKU-0209873', 'SKU-0224873', 'SKU-0239873', 'SKU-0254873', 'SKU-0269873', 'SKU-0284873', 'SKU-0299873'], '2026-09-18', '2026-09-18')"
Q2,frio,109,0.159792,"(14862, ['SKU-0014862', 'SKU-0029862', 'SKU-0044862', 'SKU-0059862', 'SKU-0074862', 'SKU-0089862', 'SKU-0104862', 'SKU-0119862', 'SKU-0134862', 'SKU-0149862', 'SKU-0164862', 'SKU-0179862', 'SKU-0194862', 'SKU-0209862', 'SKU-0224862', 'SKU-0239862', 'SKU-0254862', 'SKU-0269862', 'SKU-0284862', 'SKU-0299862'], '2026-09-18', '2026-09-18')"
Q2,frio,110,0.156750,"(14878, ['SKU-0014878', 'SKU-0029878', 'SKU-0044878', 'SKU-0059878', 'SKU-0074878', 'SKU-0089878', 'SKU-0104878', 'SKU-0119878', 'SKU-0134878', 'SKU-0149878', 'SKU-0164878', 'SKU-0179878', 'SKU-0194878', 'SKU-0209878', 'SKU-0224878', 'SKU-0239878', 'SKU-0254878', 'SKU-0269878', 'SKU-0284878', 'SKU-0299878'], '2026-09-18', '2026-09-18')"
Q2,frio,111,0.168125,"(14889, ['SKU-0014889', 'SKU-0029889', 'SKU-0044889', 'SKU-0059889', 'SKU-0074889', 'SKU-0089889', 'SKU-0104889', 'SKU-0119889', 'SKU-0134889', 'SKU-0149889', 'SKU-0164889', 'SKU-0179889', 'SKU-0194889', 'SKU-0209889', 'SKU-0224889', 'SKU-0239889', 'SKU-0254889', 'SKU-0269889', 'SKU-0284889', 'SKU-0299889'], '2026-09-18', '2026-09-18')"
Q2,frio,112,0.165083,"(14890, ['SKU-0014890', 'SKU-0029890', 'SKU-0044890', 'SKU-0059890', 'SKU-0074890', 'SKU-0089890', 'SKU-0104890', 'SKU-0119890', 'SKU-0134890', 'SKU-0149890', 'SKU-0164890', 'SKU-0179890', 'SKU-0194890', 'SKU-0209890', 'SKU-0224890', 'SKU-0239890', 'SKU-0254890', 'SKU-0269890', 'SKU-0284890', 'SKU-0299890'], '2026-09-18', '2026-09-18')"
Q2,frio,113,0.162958,"(14958, ['SKU-0014958', 'SKU-0029958', 'SKU-0044958', 'SKU-0059958', 'SKU-0074958', 'SKU-0089958', 'SKU-0104958', 'SKU-0119958', 'SKU-0134958', 'SKU-0149958', 'SKU-0164958', 'SKU-0179958', 'SKU-0194958', 'SKU-0209958', 'SKU-0224958', 'SKU-0239958', 'SKU-0254958', 'SKU-0269958', 'SKU-0284958', 'SKU-0299958'], '2026-09-18', '2026-09-18')"
Q2,frio,114,0.160625,"(14866, ['SKU-0014866', 'SKU-0029866', 'SKU-0044866', 'SKU-0059866', 'SKU-0074866', 'SKU-0089866', 'SKU-0104866', 'SKU-0119866', 'SKU-0134866', 'SKU-0149866', 'SKU-0164866', 'SKU-0179866', 'SKU-0194866', 'SKU-0209866', 'SKU-0224866', 'SKU-0239866', 'SKU-0254866', 'SKU-0269866', 'SKU-0284866', 'SKU-0299866'], '2026-09-18', '2026-09-18')"
Q2,frio,115,0.167208,"(14948, ['SKU-0014948', 'SKU-0029948', 'SKU-0044948', 'SKU-0059948', 'SKU-0074948', 'SKU-0089948', 'SKU-0104948', 'SKU-0119948', 'SKU-0134948', 'SKU-0149948', 'SKU-0164948', 'SKU-0179948', 'SKU-0194948', 'SKU-0209948', 'SKU-0224948', 'SKU-0239948', 'SKU-0254948', 'SKU-0269948', 'SKU-0284948', 'SKU-0299948'], '2026-09-18', '2026-09-18')"
Q2,frio,116,0.154458,"(14947, ['SKU-0014947', 'SKU-0029947', 'SKU-0044947', 'SKU-0059947', 'SKU-0074947', 'SKU-0089947', 'SKU-0104947', 'SKU-0119947', 'SKU-0134947', 'SKU-0149947', 'SKU-0164947', 'SKU-0179947', 'SKU-0194947', 'SKU-0209947', 'SKU-0224947', 'SKU-0239947', 'SKU-0254947', 'SKU-0269947', 'SKU-0284947', 'SKU-0299947'], '2026-09-18', '2026-09-18')"
Q2,frio,117,0.162583,"(14969, ['SKU-0014969', 'SKU-0029969', 'SKU-0044969', 'SKU-0059969', 'SKU-0074969', 'SKU-0089969', 'SKU-0104969', 'SKU-0119969', 'SKU-0134969', 'SKU-0149969', 'SKU-0164969', 'SKU-0179969', 'SKU-0194969', 'SKU-0209969', 'SKU-0224969', 'SKU-0239969', 'SKU-0254969', 'SKU-0269969', 'SKU-0284969', 'SKU-0299969'], '2026-09-18', '2026-09-18')"
Q2,frio,118,0.187167,"(14985, ['SKU-0014985', 'SKU-0029985', 'SKU-0044985', 'SKU-0059985', 'SKU-0074985', 'SKU-0089985', 'SKU-0104985', 'SKU-0119985', 'SKU-0134985', 'SKU-0149985', 'SKU-0164985', 'SKU-0179985', 'SKU-0194985', 'SKU-0209985', 'SKU-0224985', 'SKU-0239985', 'SKU-0254985', 'SKU-0269985', 'SKU-0284985', 'SKU-0299985'], '2026-09-18', '2026-09-18')"
Q2,frio,119,0.164292,"(14914, ['SKU-0014914', 'SKU-0029914', 'SKU-0044914', 'SKU-0059914', 'SKU-0074914', 'SKU-0089914', 'SKU-0104914', 'SKU-0119914', 'SKU-0134914', 'SKU-0149914', 'SKU-0164914', 'SKU-0179914', 'SKU-0194914', 'SKU-0209914', 'SKU-0224914', 'SKU-0239914', 'SKU-0254914', 'SKU-0269914', 'SKU-0284914', 'SKU-0299914'], '2026-09-18', '2026-09-18')"
Q2,frio,120,0.157375,"(14991, ['SKU-0014991', 'SKU-0029991', 'SKU-0044991', 'SKU-0059991', 'SKU-0074991', 'SKU-0089991', 'SKU-0104991', 'SKU-0119991', 'SKU-0134991', 'SKU-0149991', 'SKU-0164991', 'SKU-0179991', 'SKU-0194991', 'SKU-0209991', 'SKU-0224991', 'SKU-0239991', 'SKU-0254991', 'SKU-0269991', 'SKU-0284991', 'SKU-0299991'], '2026-09-18', '2026-09-18')"
Q2,frio,121,0.165917,"(14852, ['SKU-0014852', 'SKU-0029852', 'SKU-0044852', 'SKU-0059852', 'SKU-0074852', 'SKU-0089852', 'SKU-0104852', 'SKU-0119852', 'SKU-0134852', 'SKU-0149852', 'SKU-0164852', 'SKU-0179852', 'SKU-0194852', 'SKU-0209852', 'SKU-0224852', 'SKU-0239852', 'SKU-0254852', 'SKU-0269852', 'SKU-0284852', 'SKU-0299852'], '2026-09-18', '2026-09-18')"
Q2,frio,122,0.161958,"(14879, ['SKU-0014879', 'SKU-0029879', 'SKU-0044879', 'SKU-0059879', 'SKU-0074879', 'SKU-0089879', 'SKU-0104879', 'SKU-0119879', 'SKU-0134879', 'SKU-0149879', 'SKU-0164879', 'SKU-0179879', 'SKU-0194879', 'SKU-0209879', 'SKU-0224879', 'SKU-0239879', 'SKU-0254879', 'SKU-0269879', 'SKU-0284879', 'SKU-0299879'], '2026-09-18', '2026-09-18')"
Q2,frio,123,0.145333,"(14987, ['SKU-0014987', 'SKU-0029987', 'SKU-0044987', 'SKU-0059987', 'SKU-0074987', 'SKU-0089987', 'SKU-0104987', 'SKU-0119987', 'SKU-0134987', 'SKU-0149987', 'SKU-0164987', 'SKU-0179987', 'SKU-0194987', 'SKU-0209987', 'SKU-0224987', 'SKU-0239987', 'SKU-0254987', 'SKU-0269987', 'SKU-0284987', 'SKU-0299987'], '2026-09-18', '2026-09-18')"
Q2,frio,124,0.173083,"(14918, ['SKU-0014918', 'SKU-0029918', 'SKU-0044918', 'SKU-0059918', 'SKU-0074918', 'SKU-0089918', 'SKU-0104918', 'SKU-0119918', 'SKU-0134918', 'SKU-0149918', 'SKU-0164918', 'SKU-0179918', 'SKU-0194918', 'SKU-0209918', 'SKU-0224918', 'SKU-0239918', 'SKU-0254918', 'SKU-0269918', 'SKU-0284918', 'SKU-0299918'], '2026-09-18', '2026-09-18')"
Q2,frio,125,0.171584,"(14937, ['SKU-0014937', 'SKU-0029937', 'SKU-0044937', 'SKU-0059937', 'SKU-0074937', 'SKU-0089937', 'SKU-0104937', 'SKU-0119937', 'SKU-0134937', 'SKU-0149937', 'SKU-0164937', 'SKU-0179937', 'SKU-0194937', 'SKU-0209937', 'SKU-0224937', 'SKU-0239937', 'SKU-0254937', 'SKU-0269937', 'SKU-0284937', 'SKU-0299937'], '2026-09-18', '2026-09-18')"
Q2,frio,126,0.164625,"(14878, ['SKU-0014878', 'SKU-0029878', 'SKU-0044878', 'SKU-0059878', 'SKU-0074878', 'SKU-0089878', 'SKU-0104878', 'SKU-0119878', 'SKU-0134878', 'SKU-0149878', 'SKU-0164878', 'SKU-0179878', 'SKU-0194878', 'SKU-0209878', 'SKU-0224878', 'SKU-0239878', 'SKU-0254878', 'SKU-0269878', 'SKU-0284878', 'SKU-0299878'], '2026-09-18', '2026-09-18')"
Q2,frio,127,0.167417,"(14925, ['SKU-0014925', 'SKU-0029925', 'SKU-0044925', 'SKU-0059925', 'SKU-0074925', 'SKU-0089925', 'SKU-0104925', 'SKU-0119925', 'SKU-0134925', 'SKU-0149925', 'SKU-0164925', 'SKU-0179925', 'SKU-0194925', 'SKU-0209925', 'SKU-0224925', 'SKU-0239925', 'SKU-0254925', 'SKU-0269925', 'SKU-0284925', 'SKU-0299925'], '2026-09-18', '2026-09-18')"
Q2,frio,128,0.147417,"(14961, ['SKU-0014961', 'SKU-0029961', 'SKU-0044961', 'SKU-0059961', 'SKU-0074961', 'SKU-0089961', 'SKU-0104961', 'SKU-0119961', 'SKU-0134961', 'SKU-0149961', 'SKU-0164961', 'SKU-0179961', 'SKU-0194961', 'SKU-0209961', 'SKU-0224961', 'SKU-0239961', 'SKU-0254961', 'SKU-0269961', 'SKU-0284961', 'SKU-0299961'], '2026-09-18', '2026-09-18')"
Q2,frio,129,0.159000,"(14890, ['SKU-0014890', 'SKU-0029890', 'SKU-0044890', 'SKU-0059890', 'SKU-0074890', 'SKU-0089890', 'SKU-0104890', 'SKU-0119890', 'SKU-0134890', 'SKU-0149890', 'SKU-0164890', 'SKU-0179890', 'SKU-0194890', 'SKU-0209890', 'SKU-0224890', 'SKU-0239890', 'SKU-0254890', 'SKU-0269890', 'SKU-0284890', 'SKU-0299890'], '2026-09-18', '2026-09-18')"
Q2,frio,130,0.181625,"(14966, ['SKU-0014966', 'SKU-0029966', 'SKU-0044966', 'SKU-0059966', 'SKU-0074966', 'SKU-0089966', 'SKU-0104966', 'SKU-0119966', 'SKU-0134966', 'SKU-0149966', 'SKU-0164966', 'SKU-0179966', 'SKU-0194966', 'SKU-0209966', 'SKU-0224966', 'SKU-0239966', 'SKU-0254966', 'SKU-0269966', 'SKU-0284966', 'SKU-0299966'], '2026-09-18', '2026-09-18')"
Q2,frio,131,0.165375,"(14850, ['SKU-0014850', 'SKU-0029850', 'SKU-0044850', 'SKU-0059850', 'SKU-0074850', 'SKU-0089850', 'SKU-0104850', 'SKU-0119850', 'SKU-0134850', 'SKU-0149850', 'SKU-0164850', 'SKU-0179850', 'SKU-0194850', 'SKU-0209850', 'SKU-0224850', 'SKU-0239850', 'SKU-0254850', 'SKU-0269850', 'SKU-0284850', 'SKU-0299850'], '2026-09-18', '2026-09-18')"
Q2,frio,132,0.159042,"(14917, ['SKU-0014917', 'SKU-0029917', 'SKU-0044917', 'SKU-0059917', 'SKU-0074917', 'SKU-0089917', 'SKU-0104917', 'SKU-0119917', 'SKU-0134917', 'SKU-0149917', 'SKU-0164917', 'SKU-0179917', 'SKU-0194917', 'SKU-0209917', 'SKU-0224917', 'SKU-0239917', 'SKU-0254917', 'SKU-0269917', 'SKU-0284917', 'SKU-0299917'], '2026-09-18', '2026-09-18')"
Q2,frio,133,0.162458,"(14978, ['SKU-0014978', 'SKU-0029978', 'SKU-0044978', 'SKU-0059978', 'SKU-0074978', 'SKU-0089978', 'SKU-0104978', 'SKU-0119978', 'SKU-0134978', 'SKU-0149978', 'SKU-0164978', 'SKU-0179978', 'SKU-0194978', 'SKU-0209978', 'SKU-0224978', 'SKU-0239978', 'SKU-0254978', 'SKU-0269978', 'SKU-0284978', 'SKU-0299978'], '2026-09-18', '2026-09-18')"
Q2,frio,134,0.163292,"(14895, ['SKU-0014895', 'SKU-0029895', 'SKU-0044895', 'SKU-0059895', 'SKU-0074895', 'SKU-0089895', 'SKU-0104895', 'SKU-0119895', 'SKU-0134895', 'SKU-0149895', 'SKU-0164895', 'SKU-0179895', 'SKU-0194895', 'SKU-0209895', 'SKU-0224895', 'SKU-0239895', 'SKU-0254895', 'SKU-0269895', 'SKU-0284895', 'SKU-0299895'], '2026-09-18', '2026-09-18')"
Q2,frio,135,0.161500,"(14979, ['SKU-0014979', 'SKU-0029979', 'SKU-0044979', 'SKU-0059979', 'SKU-0074979', 'SKU-0089979', 'SKU-0104979', 'SKU-0119979', 'SKU-0134979', 'SKU-0149979', 'SKU-0164979', 'SKU-0179979', 'SKU-0194979', 'SKU-0209979', 'SKU-0224979', 'SKU-0239979', 'SKU-0254979', 'SKU-0269979', 'SKU-0284979', 'SKU-0299979'], '2026-09-18', '2026-09-18')"
Q2,frio,136,0.183458,"(14877, ['SKU-0014877', 'SKU-0029877', 'SKU-0044877', 'SKU-0059877', 'SKU-0074877', 'SKU-0089877', 'SKU-0104877', 'SKU-0119877', 'SKU-0134877', 'SKU-0149877', 'SKU-0164877', 'SKU-0179877', 'SKU-0194877', 'SKU-0209877', 'SKU-0224877', 'SKU-0239877', 'SKU-0254877', 'SKU-0269877', 'SKU-0284877', 'SKU-0299877'], '2026-09-18', '2026-09-18')"
Q2,frio,137,0.171791,"(14926, ['SKU-0014926', 'SKU-0029926', 'SKU-0044926', 'SKU-0059926', 'SKU-0074926', 'SKU-0089926', 'SKU-0104926', 'SKU-0119926', 'SKU-0134926', 'SKU-0149926', 'SKU-0164926', 'SKU-0179926', 'SKU-0194926', 'SKU-0209926', 'SKU-0224926', 'SKU-0239926', 'SKU-0254926', 'SKU-0269926', 'SKU-0284926', 'SKU-0299926'], '2026-09-18', '2026-09-18')"
Q2,frio,138,0.166375,"(14979, ['SKU-0014979', 'SKU-0029979', 'SKU-0044979', 'SKU-0059979', 'SKU-0074979', 'SKU-0089979', 'SKU-0104979', 'SKU-0119979', 'SKU-0134979', 'SKU-0149979', 'SKU-0164979', 'SKU-0179979', 'SKU-0194979', 'SKU-0209979', 'SKU-0224979', 'SKU-0239979', 'SKU-0254979', 'SKU-0269979', 'SKU-0284979', 'SKU-0299979'], '2026-09-18', '2026-09-18')"
Q2,frio,139,0.171500,"(14900, ['SKU-0014900', 'SKU-0029900', 'SKU-0044900', 'SKU-0059900', 'SKU-0074900', 'SKU-0089900', 'SKU-0104900', 'SKU-0119900', 'SKU-0134900', 'SKU-0149900', 'SKU-0164900', 'SKU-0179900', 'SKU-0194900', 'SKU-0209900', 'SKU-0224900', 'SKU-0239900', 'SKU-0254900', 'SKU-0269900', 'SKU-0284900', 'SKU-0299900'], '2026-09-18', '2026-09-18')"
Q2,frio,140,0.165084,"(14889, ['SKU-0014889', 'SKU-0029889', 'SKU-0044889', 'SKU-0059889', 'SKU-0074889', 'SKU-0089889', 'SKU-0104889', 'SKU-0119889', 'SKU-0134889', 'SKU-0149889', 'SKU-0164889', 'SKU-0179889', 'SKU-0194889', 'SKU-0209889', 'SKU-0224889', 'SKU-0239889', 'SKU-0254889', 'SKU-0269889', 'SKU-0284889', 'SKU-0299889'], '2026-09-18', '2026-09-18')"
Q2,frio,141,0.155542,"(14945, ['SKU-0014945', 'SKU-0029945', 'SKU-0044945', 'SKU-0059945', 'SKU-0074945', 'SKU-0089945', 'SKU-0104945', 'SKU-0119945', 'SKU-0134945', 'SKU-0149945', 'SKU-0164945', 'SKU-0179945', 'SKU-0194945', 'SKU-0209945', 'SKU-0224945', 'SKU-0239945', 'SKU-0254945', 'SKU-0269945', 'SKU-0284945', 'SKU-0299945'], '2026-09-18', '2026-09-18')"
Q2,frio,142,0.170166,"(14891, ['SKU-0014891', 'SKU-0029891', 'SKU-0044891', 'SKU-0059891', 'SKU-0074891', 'SKU-0089891', 'SKU-0104891', 'SKU-0119891', 'SKU-0134891', 'SKU-0149891', 'SKU-0164891', 'SKU-0179891', 'SKU-0194891', 'SKU-0209891', 'SKU-0224891', 'SKU-0239891', 'SKU-0254891', 'SKU-0269891', 'SKU-0284891', 'SKU-0299891'], '2026-09-18', '2026-09-18')"
Q2,frio,143,0.157833,"(14988, ['SKU-0014988', 'SKU-0029988', 'SKU-0044988', 'SKU-0059988', 'SKU-0074988', 'SKU-0089988', 'SKU-0104988', 'SKU-0119988', 'SKU-0134988', 'SKU-0149988', 'SKU-0164988', 'SKU-0179988', 'SKU-0194988', 'SKU-0209988', 'SKU-0224988', 'SKU-0239988', 'SKU-0254988', 'SKU-0269988', 'SKU-0284988', 'SKU-0299988'], '2026-09-18', '2026-09-18')"
Q2,frio,144,0.164291,"(14985, ['SKU-0014985', 'SKU-0029985', 'SKU-0044985', 'SKU-0059985', 'SKU-0074985', 'SKU-0089985', 'SKU-0104985', 'SKU-0119985', 'SKU-0134985', 'SKU-0149985', 'SKU-0164985', 'SKU-0179985', 'SKU-0194985', 'SKU-0209985', 'SKU-0224985', 'SKU-0239985', 'SKU-0254985', 'SKU-0269985', 'SKU-0284985', 'SKU-0299985'], '2026-09-18', '2026-09-18')"
Q2,frio,145,0.158208,"(14850, ['SKU-0014850', 'SKU-0029850', 'SKU-0044850', 'SKU-0059850', 'SKU-0074850', 'SKU-0089850', 'SKU-0104850', 'SKU-0119850', 'SKU-0134850', 'SKU-0149850', 'SKU-0164850', 'SKU-0179850', 'SKU-0194850', 'SKU-0209850', 'SKU-0224850', 'SKU-0239850', 'SKU-0254850', 'SKU-0269850', 'SKU-0284850', 'SKU-0299850'], '2026-09-18', '2026-09-18')"
Q2,frio,146,0.162917,"(14932, ['SKU-0014932', 'SKU-0029932', 'SKU-0044932', 'SKU-0059932', 'SKU-0074932', 'SKU-0089932', 'SKU-0104932', 'SKU-0119932', 'SKU-0134932', 'SKU-0149932', 'SKU-0164932', 'SKU-0179932', 'SKU-0194932', 'SKU-0209932', 'SKU-0224932', 'SKU-0239932', 'SKU-0254932', 'SKU-0269932', 'SKU-0284932', 'SKU-0299932'], '2026-09-18', '2026-09-18')"
Q2,frio,147,0.156375,"(14975, ['SKU-0014975', 'SKU-0029975', 'SKU-0044975', 'SKU-0059975', 'SKU-0074975', 'SKU-0089975', 'SKU-0104975', 'SKU-0119975', 'SKU-0134975', 'SKU-0149975', 'SKU-0164975', 'SKU-0179975', 'SKU-0194975', 'SKU-0209975', 'SKU-0224975', 'SKU-0239975', 'SKU-0254975', 'SKU-0269975', 'SKU-0284975', 'SKU-0299975'], '2026-09-18', '2026-09-18')"
Q2,frio,148,0.160625,"(14854, ['SKU-0014854', 'SKU-0029854', 'SKU-0044854', 'SKU-0059854', 'SKU-0074854', 'SKU-0089854', 'SKU-0104854', 'SKU-0119854', 'SKU-0134854', 'SKU-0149854', 'SKU-0164854', 'SKU-0179854', 'SKU-0194854', 'SKU-0209854', 'SKU-0224854', 'SKU-0239854', 'SKU-0254854', 'SKU-0269854', 'SKU-0284854', 'SKU-0299854'], '2026-09-18', '2026-09-18')"
Q2,frio,149,0.170209,"(14878, ['SKU-0014878', 'SKU-0029878', 'SKU-0044878', 'SKU-0059878', 'SKU-0074878', 'SKU-0089878', 'SKU-0104878', 'SKU-0119878', 'SKU-0134878', 'SKU-0149878', 'SKU-0164878', 'SKU-0179878', 'SKU-0194878', 'SKU-0209878', 'SKU-0224878', 'SKU-0239878', 'SKU-0254878', 'SKU-0269878', 'SKU-0284878', 'SKU-0299878'], '2026-09-18', '2026-09-18')"
Q2,frio,150,0.168000,"(14942, ['SKU-0014942', 'SKU-0029942', 'SKU-0044942', 'SKU-0059942', 'SKU-0074942', 'SKU-0089942', 'SKU-0104942', 'SKU-0119942', 'SKU-0134942', 'SKU-0149942', 'SKU-0164942', 'SKU-0179942', 'SKU-0194942', 'SKU-0209942', 'SKU-0224942', 'SKU-0239942', 'SKU-0254942', 'SKU-0269942', 'SKU-0284942', 'SKU-0299942'], '2026-09-18', '2026-09-18')"
Q2,frio,151,0.153584,"(14928, ['SKU-0014928', 'SKU-0029928', 'SKU-0044928', 'SKU-0059928', 'SKU-0074928', 'SKU-0089928', 'SKU-0104928', 'SKU-0119928', 'SKU-0134928', 'SKU-0149928', 'SKU-0164928', 'SKU-0179928', 'SKU-0194928', 'SKU-0209928', 'SKU-0224928', 'SKU-0239928', 'SKU-0254928', 'SKU-0269928', 'SKU-0284928', 'SKU-0299928'], '2026-09-18', '2026-09-18')"
Q2,frio,152,0.156625,"(14911, ['SKU-0014911', 'SKU-0029911', 'SKU-0044911', 'SKU-0059911', 'SKU-0074911', 'SKU-0089911', 'SKU-0104911', 'SKU-0119911', 'SKU-0134911', 'SKU-0149911', 'SKU-0164911', 'SKU-0179911', 'SKU-0194911', 'SKU-0209911', 'SKU-0224911', 'SKU-0239911', 'SKU-0254911', 'SKU-0269911', 'SKU-0284911', 'SKU-0299911'], '2026-09-18', '2026-09-18')"
Q2,frio,153,0.148625,"(14864, ['SKU-0014864', 'SKU-0029864', 'SKU-0044864', 'SKU-0059864', 'SKU-0074864', 'SKU-0089864', 'SKU-0104864', 'SKU-0119864', 'SKU-0134864', 'SKU-0149864', 'SKU-0164864', 'SKU-0179864', 'SKU-0194864', 'SKU-0209864', 'SKU-0224864', 'SKU-0239864', 'SKU-0254864', 'SKU-0269864', 'SKU-0284864', 'SKU-0299864'], '2026-09-18', '2026-09-18')"
Q2,frio,154,0.153875,"(14911, ['SKU-0014911', 'SKU-0029911', 'SKU-0044911', 'SKU-0059911', 'SKU-0074911', 'SKU-0089911', 'SKU-0104911', 'SKU-0119911', 'SKU-0134911', 'SKU-0149911', 'SKU-0164911', 'SKU-0179911', 'SKU-0194911', 'SKU-0209911', 'SKU-0224911', 'SKU-0239911', 'SKU-0254911', 'SKU-0269911', 'SKU-0284911', 'SKU-0299911'], '2026-09-18', '2026-09-18')"
Q2,frio,155,0.155042,"(14995, ['SKU-0014995', 'SKU-0029995', 'SKU-0044995', 'SKU-0059995', 'SKU-0074995', 'SKU-0089995', 'SKU-0104995', 'SKU-0119995', 'SKU-0134995', 'SKU-0149995', 'SKU-0164995', 'SKU-0179995', 'SKU-0194995', 'SKU-0209995', 'SKU-0224995', 'SKU-0239995', 'SKU-0254995', 'SKU-0269995', 'SKU-0284995', 'SKU-0299995'], '2026-09-18', '2026-09-18')"
Q2,frio,156,0.161541,"(14870, ['SKU-0014870', 'SKU-0029870', 'SKU-0044870', 'SKU-0059870', 'SKU-0074870', 'SKU-0089870', 'SKU-0104870', 'SKU-0119870', 'SKU-0134870', 'SKU-0149870', 'SKU-0164870', 'SKU-0179870', 'SKU-0194870', 'SKU-0209870', 'SKU-0224870', 'SKU-0239870', 'SKU-0254870', 'SKU-0269870', 'SKU-0284870', 'SKU-0299870'], '2026-09-18', '2026-09-18')"
Q2,frio,157,0.164375,"(14871, ['SKU-0014871', 'SKU-0029871', 'SKU-0044871', 'SKU-0059871', 'SKU-0074871', 'SKU-0089871', 'SKU-0104871', 'SKU-0119871', 'SKU-0134871', 'SKU-0149871', 'SKU-0164871', 'SKU-0179871', 'SKU-0194871', 'SKU-0209871', 'SKU-0224871', 'SKU-0239871', 'SKU-0254871', 'SKU-0269871', 'SKU-0284871', 'SKU-0299871'], '2026-09-18', '2026-09-18')"
Q2,frio,158,0.162791,"(14974, ['SKU-0014974', 'SKU-0029974', 'SKU-0044974', 'SKU-0059974', 'SKU-0074974', 'SKU-0089974', 'SKU-0104974', 'SKU-0119974', 'SKU-0134974', 'SKU-0149974', 'SKU-0164974', 'SKU-0179974', 'SKU-0194974', 'SKU-0209974', 'SKU-0224974', 'SKU-0239974', 'SKU-0254974', 'SKU-0269974', 'SKU-0284974', 'SKU-0299974'], '2026-09-18', '2026-09-18')"
Q2,frio,159,0.144625,"(14867, ['SKU-0014867', 'SKU-0029867', 'SKU-0044867', 'SKU-0059867', 'SKU-0074867', 'SKU-0089867', 'SKU-0104867', 'SKU-0119867', 'SKU-0134867', 'SKU-0149867', 'SKU-0164867', 'SKU-0179867', 'SKU-0194867', 'SKU-0209867', 'SKU-0224867', 'SKU-0239867', 'SKU-0254867', 'SKU-0269867', 'SKU-0284867', 'SKU-0299867'], '2026-09-18', '2026-09-18')"
Q2,frio,160,0.160792,"(14986, ['SKU-0014986', 'SKU-0029986', 'SKU-0044986', 'SKU-0059986', 'SKU-0074986', 'SKU-0089986', 'SKU-0104986', 'SKU-0119986', 'SKU-0134986', 'SKU-0149986', 'SKU-0164986', 'SKU-0179986', 'SKU-0194986', 'SKU-0209986', 'SKU-0224986', 'SKU-0239986', 'SKU-0254986', 'SKU-0269986', 'SKU-0284986', 'SKU-0299986'], '2026-09-18', '2026-09-18')"
Q2,frio,161,0.165625,"(14882, ['SKU-0014882', 'SKU-0029882', 'SKU-0044882', 'SKU-0059882', 'SKU-0074882', 'SKU-0089882', 'SKU-0104882', 'SKU-0119882', 'SKU-0134882', 'SKU-0149882', 'SKU-0164882', 'SKU-0179882', 'SKU-0194882', 'SKU-0209882', 'SKU-0224882', 'SKU-0239882', 'SKU-0254882', 'SKU-0269882', 'SKU-0284882', 'SKU-0299882'], '2026-09-18', '2026-09-18')"
Q2,frio,162,0.165709,"(14882, ['SKU-0014882', 'SKU-0029882', 'SKU-0044882', 'SKU-0059882', 'SKU-0074882', 'SKU-0089882', 'SKU-0104882', 'SKU-0119882', 'SKU-0134882', 'SKU-0149882', 'SKU-0164882', 'SKU-0179882', 'SKU-0194882', 'SKU-0209882', 'SKU-0224882', 'SKU-0239882', 'SKU-0254882', 'SKU-0269882', 'SKU-0284882', 'SKU-0299882'], '2026-09-18', '2026-09-18')"
Q2,frio,163,0.158708,"(14971, ['SKU-0014971', 'SKU-0029971', 'SKU-0044971', 'SKU-0059971', 'SKU-0074971', 'SKU-0089971', 'SKU-0104971', 'SKU-0119971', 'SKU-0134971', 'SKU-0149971', 'SKU-0164971', 'SKU-0179971', 'SKU-0194971', 'SKU-0209971', 'SKU-0224971', 'SKU-0239971', 'SKU-0254971', 'SKU-0269971', 'SKU-0284971', 'SKU-0299971'], '2026-09-18', '2026-09-18')"
Q2,frio,164,0.165541,"(14990, ['SKU-0014990', 'SKU-0029990', 'SKU-0044990', 'SKU-0059990', 'SKU-0074990', 'SKU-0089990', 'SKU-0104990', 'SKU-0119990', 'SKU-0134990', 'SKU-0149990', 'SKU-0164990', 'SKU-0179990', 'SKU-0194990', 'SKU-0209990', 'SKU-0224990', 'SKU-0239990', 'SKU-0254990', 'SKU-0269990', 'SKU-0284990', 'SKU-0299990'], '2026-09-18', '2026-09-18')"
Q2,frio,165,0.164084,"(14892, ['SKU-0014892', 'SKU-0029892', 'SKU-0044892', 'SKU-0059892', 'SKU-0074892', 'SKU-0089892', 'SKU-0104892', 'SKU-0119892', 'SKU-0134892', 'SKU-0149892', 'SKU-0164892', 'SKU-0179892', 'SKU-0194892', 'SKU-0209892', 'SKU-0224892', 'SKU-0239892', 'SKU-0254892', 'SKU-0269892', 'SKU-0284892', 'SKU-0299892'], '2026-09-18', '2026-09-18')"
Q2,frio,166,0.157750,"(14917, ['SKU-0014917', 'SKU-0029917', 'SKU-0044917', 'SKU-0059917', 'SKU-0074917', 'SKU-0089917', 'SKU-0104917', 'SKU-0119917', 'SKU-0134917', 'SKU-0149917', 'SKU-0164917', 'SKU-0179917', 'SKU-0194917', 'SKU-0209917', 'SKU-0224917', 'SKU-0239917', 'SKU-0254917', 'SKU-0269917', 'SKU-0284917', 'SKU-0299917'], '2026-09-18', '2026-09-18')"
Q2,frio,167,0.170375,"(14985, ['SKU-0014985', 'SKU-0029985', 'SKU-0044985', 'SKU-0059985', 'SKU-0074985', 'SKU-0089985', 'SKU-0104985', 'SKU-0119985', 'SKU-0134985', 'SKU-0149985', 'SKU-0164985', 'SKU-0179985', 'SKU-0194985', 'SKU-0209985', 'SKU-0224985', 'SKU-0239985', 'SKU-0254985', 'SKU-0269985', 'SKU-0284985', 'SKU-0299985'], '2026-09-18', '2026-09-18')"
Q2,frio,168,0.165000,"(14958, ['SKU-0014958', 'SKU-0029958', 'SKU-0044958', 'SKU-0059958', 'SKU-0074958', 'SKU-0089958', 'SKU-0104958', 'SKU-0119958', 'SKU-0134958', 'SKU-0149958', 'SKU-0164958', 'SKU-0179958', 'SKU-0194958', 'SKU-0209958', 'SKU-0224958', 'SKU-0239958', 'SKU-0254958', 'SKU-0269958', 'SKU-0284958', 'SKU-0299958'], '2026-09-18', '2026-09-18')"
Q2,frio,169,0.166125,"(14904, ['SKU-0014904', 'SKU-0029904', 'SKU-0044904', 'SKU-0059904', 'SKU-0074904', 'SKU-0089904', 'SKU-0104904', 'SKU-0119904', 'SKU-0134904', 'SKU-0149904', 'SKU-0164904', 'SKU-0179904', 'SKU-0194904', 'SKU-0209904', 'SKU-0224904', 'SKU-0239904', 'SKU-0254904', 'SKU-0269904', 'SKU-0284904', 'SKU-0299904'], '2026-09-18', '2026-09-18')"
Q2,frio,170,0.165417,"(14988, ['SKU-0014988', 'SKU-0029988', 'SKU-0044988', 'SKU-0059988', 'SKU-0074988', 'SKU-0089988', 'SKU-0104988', 'SKU-0119988', 'SKU-0134988', 'SKU-0149988', 'SKU-0164988', 'SKU-0179988', 'SKU-0194988', 'SKU-0209988', 'SKU-0224988', 'SKU-0239988', 'SKU-0254988', 'SKU-0269988', 'SKU-0284988', 'SKU-0299988'], '2026-09-18', '2026-09-18')"
Q2,frio,171,0.164292,"(14901, ['SKU-0014901', 'SKU-0029901', 'SKU-0044901', 'SKU-0059901', 'SKU-0074901', 'SKU-0089901', 'SKU-0104901', 'SKU-0119901', 'SKU-0134901', 'SKU-0149901', 'SKU-0164901', 'SKU-0179901', 'SKU-0194901', 'SKU-0209901', 'SKU-0224901', 'SKU-0239901', 'SKU-0254901', 'SKU-0269901', 'SKU-0284901', 'SKU-0299901'], '2026-09-18', '2026-09-18')"
Q2,frio,172,0.174833,"(14929, ['SKU-0014929', 'SKU-0029929', 'SKU-0044929', 'SKU-0059929', 'SKU-0074929', 'SKU-0089929', 'SKU-0104929', 'SKU-0119929', 'SKU-0134929', 'SKU-0149929', 'SKU-0164929', 'SKU-0179929', 'SKU-0194929', 'SKU-0209929', 'SKU-0224929', 'SKU-0239929', 'SKU-0254929', 'SKU-0269929', 'SKU-0284929', 'SKU-0299929'], '2026-09-18', '2026-09-18')"
Q2,frio,173,0.166667,"(14952, ['SKU-0014952', 'SKU-0029952', 'SKU-0044952', 'SKU-0059952', 'SKU-0074952', 'SKU-0089952', 'SKU-0104952', 'SKU-0119952', 'SKU-0134952', 'SKU-0149952', 'SKU-0164952', 'SKU-0179952', 'SKU-0194952', 'SKU-0209952', 'SKU-0224952', 'SKU-0239952', 'SKU-0254952', 'SKU-0269952', 'SKU-0284952', 'SKU-0299952'], '2026-09-18', '2026-09-18')"
Q2,frio,174,0.167666,"(14945, ['SKU-0014945', 'SKU-0029945', 'SKU-0044945', 'SKU-0059945', 'SKU-0074945', 'SKU-0089945', 'SKU-0104945', 'SKU-0119945', 'SKU-0134945', 'SKU-0149945', 'SKU-0164945', 'SKU-0179945', 'SKU-0194945', 'SKU-0209945', 'SKU-0224945', 'SKU-0239945', 'SKU-0254945', 'SKU-0269945', 'SKU-0284945', 'SKU-0299945'], '2026-09-18', '2026-09-18')"
Q2,frio,175,0.165833,"(14962, ['SKU-0014962', 'SKU-0029962', 'SKU-0044962', 'SKU-0059962', 'SKU-0074962', 'SKU-0089962', 'SKU-0104962', 'SKU-0119962', 'SKU-0134962', 'SKU-0149962', 'SKU-0164962', 'SKU-0179962', 'SKU-0194962', 'SKU-0209962', 'SKU-0224962', 'SKU-0239962', 'SKU-0254962', 'SKU-0269962', 'SKU-0284962', 'SKU-0299962'], '2026-09-18', '2026-09-18')"
Q2,frio,176,0.147333,"(14982, ['SKU-0014982', 'SKU-0029982', 'SKU-0044982', 'SKU-0059982', 'SKU-0074982', 'SKU-0089982', 'SKU-0104982', 'SKU-0119982', 'SKU-0134982', 'SKU-0149982', 'SKU-0164982', 'SKU-0179982', 'SKU-0194982', 'SKU-0209982', 'SKU-0224982', 'SKU-0239982', 'SKU-0254982', 'SKU-0269982', 'SKU-0284982', 'SKU-0299982'], '2026-09-18', '2026-09-18')"
Q2,frio,177,0.163708,"(14965, ['SKU-0014965', 'SKU-0029965', 'SKU-0044965', 'SKU-0059965', 'SKU-0074965', 'SKU-0089965', 'SKU-0104965', 'SKU-0119965', 'SKU-0134965', 'SKU-0149965', 'SKU-0164965', 'SKU-0179965', 'SKU-0194965', 'SKU-0209965', 'SKU-0224965', 'SKU-0239965', 'SKU-0254965', 'SKU-0269965', 'SKU-0284965', 'SKU-0299965'], '2026-09-18', '2026-09-18')"
Q2,frio,178,0.164875,"(14880, ['SKU-0014880', 'SKU-0029880', 'SKU-0044880', 'SKU-0059880', 'SKU-0074880', 'SKU-0089880', 'SKU-0104880', 'SKU-0119880', 'SKU-0134880', 'SKU-0149880', 'SKU-0164880', 'SKU-0179880', 'SKU-0194880', 'SKU-0209880', 'SKU-0224880', 'SKU-0239880', 'SKU-0254880', 'SKU-0269880', 'SKU-0284880', 'SKU-0299880'], '2026-09-18', '2026-09-18')"
Q2,frio,179,0.169375,"(14913, ['SKU-0014913', 'SKU-0029913', 'SKU-0044913', 'SKU-0059913', 'SKU-0074913', 'SKU-0089913', 'SKU-0104913', 'SKU-0119913', 'SKU-0134913', 'SKU-0149913', 'SKU-0164913', 'SKU-0179913', 'SKU-0194913', 'SKU-0209913', 'SKU-0224913', 'SKU-0239913', 'SKU-0254913', 'SKU-0269913', 'SKU-0284913', 'SKU-0299913'], '2026-09-18', '2026-09-18')"
Q2,frio,180,0.161542,"(14907, ['SKU-0014907', 'SKU-0029907', 'SKU-0044907', 'SKU-0059907', 'SKU-0074907', 'SKU-0089907', 'SKU-0104907', 'SKU-0119907', 'SKU-0134907', 'SKU-0149907', 'SKU-0164907', 'SKU-0179907', 'SKU-0194907', 'SKU-0209907', 'SKU-0224907', 'SKU-0239907', 'SKU-0254907', 'SKU-0269907', 'SKU-0284907', 'SKU-0299907'], '2026-09-18', '2026-09-18')"
Q2,frio,181,0.162334,"(14866, ['SKU-0014866', 'SKU-0029866', 'SKU-0044866', 'SKU-0059866', 'SKU-0074866', 'SKU-0089866', 'SKU-0104866', 'SKU-0119866', 'SKU-0134866', 'SKU-0149866', 'SKU-0164866', 'SKU-0179866', 'SKU-0194866', 'SKU-0209866', 'SKU-0224866', 'SKU-0239866', 'SKU-0254866', 'SKU-0269866', 'SKU-0284866', 'SKU-0299866'], '2026-09-18', '2026-09-18')"
Q2,frio,182,0.213250,"(14936, ['SKU-0014936', 'SKU-0029936', 'SKU-0044936', 'SKU-0059936', 'SKU-0074936', 'SKU-0089936', 'SKU-0104936', 'SKU-0119936', 'SKU-0134936', 'SKU-0149936', 'SKU-0164936', 'SKU-0179936', 'SKU-0194936', 'SKU-0209936', 'SKU-0224936', 'SKU-0239936', 'SKU-0254936', 'SKU-0269936', 'SKU-0284936', 'SKU-0299936'], '2026-09-18', '2026-09-18')"
Q2,frio,183,0.166916,"(14855, ['SKU-0014855', 'SKU-0029855', 'SKU-0044855', 'SKU-0059855', 'SKU-0074855', 'SKU-0089855', 'SKU-0104855', 'SKU-0119855', 'SKU-0134855', 'SKU-0149855', 'SKU-0164855', 'SKU-0179855', 'SKU-0194855', 'SKU-0209855', 'SKU-0224855', 'SKU-0239855', 'SKU-0254855', 'SKU-0269855', 'SKU-0284855', 'SKU-0299855'], '2026-09-18', '2026-09-18')"
Q2,frio,184,0.166750,"(14991, ['SKU-0014991', 'SKU-0029991', 'SKU-0044991', 'SKU-0059991', 'SKU-0074991', 'SKU-0089991', 'SKU-0104991', 'SKU-0119991', 'SKU-0134991', 'SKU-0149991', 'SKU-0164991', 'SKU-0179991', 'SKU-0194991', 'SKU-0209991', 'SKU-0224991', 'SKU-0239991', 'SKU-0254991', 'SKU-0269991', 'SKU-0284991', 'SKU-0299991'], '2026-09-18', '2026-09-18')"
Q2,frio,185,0.153166,"(14908, ['SKU-0014908', 'SKU-0029908', 'SKU-0044908', 'SKU-0059908', 'SKU-0074908', 'SKU-0089908', 'SKU-0104908', 'SKU-0119908', 'SKU-0134908', 'SKU-0149908', 'SKU-0164908', 'SKU-0179908', 'SKU-0194908', 'SKU-0209908', 'SKU-0224908', 'SKU-0239908', 'SKU-0254908', 'SKU-0269908', 'SKU-0284908', 'SKU-0299908'], '2026-09-18', '2026-09-18')"
Q2,frio,186,0.170458,"(14906, ['SKU-0014906', 'SKU-0029906', 'SKU-0044906', 'SKU-0059906', 'SKU-0074906', 'SKU-0089906', 'SKU-0104906', 'SKU-0119906', 'SKU-0134906', 'SKU-0149906', 'SKU-0164906', 'SKU-0179906', 'SKU-0194906', 'SKU-0209906', 'SKU-0224906', 'SKU-0239906', 'SKU-0254906', 'SKU-0269906', 'SKU-0284906', 'SKU-0299906'], '2026-09-18', '2026-09-18')"
Q2,frio,187,0.169875,"(14851, ['SKU-0014851', 'SKU-0029851', 'SKU-0044851', 'SKU-0059851', 'SKU-0074851', 'SKU-0089851', 'SKU-0104851', 'SKU-0119851', 'SKU-0134851', 'SKU-0149851', 'SKU-0164851', 'SKU-0179851', 'SKU-0194851', 'SKU-0209851', 'SKU-0224851', 'SKU-0239851', 'SKU-0254851', 'SKU-0269851', 'SKU-0284851', 'SKU-0299851'], '2026-09-18', '2026-09-18')"
Q2,frio,188,0.154792,"(14868, ['SKU-0014868', 'SKU-0029868', 'SKU-0044868', 'SKU-0059868', 'SKU-0074868', 'SKU-0089868', 'SKU-0104868', 'SKU-0119868', 'SKU-0134868', 'SKU-0149868', 'SKU-0164868', 'SKU-0179868', 'SKU-0194868', 'SKU-0209868', 'SKU-0224868', 'SKU-0239868', 'SKU-0254868', 'SKU-0269868', 'SKU-0284868', 'SKU-0299868'], '2026-09-18', '2026-09-18')"
Q2,frio,189,0.162375,"(14865, ['SKU-0014865', 'SKU-0029865', 'SKU-0044865', 'SKU-0059865', 'SKU-0074865', 'SKU-0089865', 'SKU-0104865', 'SKU-0119865', 'SKU-0134865', 'SKU-0149865', 'SKU-0164865', 'SKU-0179865', 'SKU-0194865', 'SKU-0209865', 'SKU-0224865', 'SKU-0239865', 'SKU-0254865', 'SKU-0269865', 'SKU-0284865', 'SKU-0299865'], '2026-09-18', '2026-09-18')"
Q2,frio,190,0.150458,"(14908, ['SKU-0014908', 'SKU-0029908', 'SKU-0044908', 'SKU-0059908', 'SKU-0074908', 'SKU-0089908', 'SKU-0104908', 'SKU-0119908', 'SKU-0134908', 'SKU-0149908', 'SKU-0164908', 'SKU-0179908', 'SKU-0194908', 'SKU-0209908', 'SKU-0224908', 'SKU-0239908', 'SKU-0254908', 'SKU-0269908', 'SKU-0284908', 'SKU-0299908'], '2026-09-18', '2026-09-18')"
Q2,frio,191,0.155417,"(14867, ['SKU-0014867', 'SKU-0029867', 'SKU-0044867', 'SKU-0059867', 'SKU-0074867', 'SKU-0089867', 'SKU-0104867', 'SKU-0119867', 'SKU-0134867', 'SKU-0149867', 'SKU-0164867', 'SKU-0179867', 'SKU-0194867', 'SKU-0209867', 'SKU-0224867', 'SKU-0239867', 'SKU-0254867', 'SKU-0269867', 'SKU-0284867', 'SKU-0299867'], '2026-09-18', '2026-09-18')"
Q2,frio,192,0.165625,"(14858, ['SKU-0014858', 'SKU-0029858', 'SKU-0044858', 'SKU-0059858', 'SKU-0074858', 'SKU-0089858', 'SKU-0104858', 'SKU-0119858', 'SKU-0134858', 'SKU-0149858', 'SKU-0164858', 'SKU-0179858', 'SKU-0194858', 'SKU-0209858', 'SKU-0224858', 'SKU-0239858', 'SKU-0254858', 'SKU-0269858', 'SKU-0284858', 'SKU-0299858'], '2026-09-18', '2026-09-18')"
Q2,frio,193,0.163375,"(14934, ['SKU-0014934', 'SKU-0029934', 'SKU-0044934', 'SKU-0059934', 'SKU-0074934', 'SKU-0089934', 'SKU-0104934', 'SKU-0119934', 'SKU-0134934', 'SKU-0149934', 'SKU-0164934', 'SKU-0179934', 'SKU-0194934', 'SKU-0209934', 'SKU-0224934', 'SKU-0239934', 'SKU-0254934', 'SKU-0269934', 'SKU-0284934', 'SKU-0299934'], '2026-09-18', '2026-09-18')"
Q2,frio,194,0.156375,"(14868, ['SKU-0014868', 'SKU-0029868', 'SKU-0044868', 'SKU-0059868', 'SKU-0074868', 'SKU-0089868', 'SKU-0104868', 'SKU-0119868', 'SKU-0134868', 'SKU-0149868', 'SKU-0164868', 'SKU-0179868', 'SKU-0194868', 'SKU-0209868', 'SKU-0224868', 'SKU-0239868', 'SKU-0254868', 'SKU-0269868', 'SKU-0284868', 'SKU-0299868'], '2026-09-18', '2026-09-18')"
Q2,frio,195,0.160667,"(14981, ['SKU-0014981', 'SKU-0029981', 'SKU-0044981', 'SKU-0059981', 'SKU-0074981', 'SKU-0089981', 'SKU-0104981', 'SKU-0119981', 'SKU-0134981', 'SKU-0149981', 'SKU-0164981', 'SKU-0179981', 'SKU-0194981', 'SKU-0209981', 'SKU-0224981', 'SKU-0239981', 'SKU-0254981', 'SKU-0269981', 'SKU-0284981', 'SKU-0299981'], '2026-09-18', '2026-09-18')"
Q2,frio,196,0.154917,"(14910, ['SKU-0014910', 'SKU-0029910', 'SKU-0044910', 'SKU-0059910', 'SKU-0074910', 'SKU-0089910', 'SKU-0104910', 'SKU-0119910', 'SKU-0134910', 'SKU-0149910', 'SKU-0164910', 'SKU-0179910', 'SKU-0194910', 'SKU-0209910', 'SKU-0224910', 'SKU-0239910', 'SKU-0254910', 'SKU-0269910', 'SKU-0284910', 'SKU-0299910'], '2026-09-18', '2026-09-18')"
Q2,frio,197,0.165083,"(14921, ['SKU-0014921', 'SKU-0029921', 'SKU-0044921', 'SKU-0059921', 'SKU-0074921', 'SKU-0089921', 'SKU-0104921', 'SKU-0119921', 'SKU-0134921', 'SKU-0149921', 'SKU-0164921', 'SKU-0179921', 'SKU-0194921', 'SKU-0209921', 'SKU-0224921', 'SKU-0239921', 'SKU-0254921', 'SKU-0269921', 'SKU-0284921', 'SKU-0299921'], '2026-09-18', '2026-09-18')"
Q2,frio,198,0.198792,"(14974, ['SKU-0014974', 'SKU-0029974', 'SKU-0044974', 'SKU-0059974', 'SKU-0074974', 'SKU-0089974', 'SKU-0104974', 'SKU-0119974', 'SKU-0134974', 'SKU-0149974', 'SKU-0164974', 'SKU-0179974', 'SKU-0194974', 'SKU-0209974', 'SKU-0224974', 'SKU-0239974', 'SKU-0254974', 'SKU-0269974', 'SKU-0284974', 'SKU-0299974'], '2026-09-18', '2026-09-18')"
Q2,frio,199,0.164125,"(14904, ['SKU-0014904', 'SKU-0029904', 'SKU-0044904', 'SKU-0059904', 'SKU-0074904', 'SKU-0089904', 'SKU-0104904', 'SKU-0119904', 'SKU-0134904', 'SKU-0149904', 'SKU-0164904', 'SKU-0179904', 'SKU-0194904', 'SKU-0209904', 'SKU-0224904', 'SKU-0239904', 'SKU-0254904', 'SKU-0269904', 'SKU-0284904', 'SKU-0299904'], '2026-09-18', '2026-09-18')"
Q2,frio,200,0.156792,"(14988, ['SKU-0014988', 'SKU-0029988', 'SKU-0044988', 'SKU-0059988', 'SKU-0074988', 'SKU-0089988', 'SKU-0104988', 'SKU-0119988', 'SKU-0134988', 'SKU-0149988', 'SKU-0164988', 'SKU-0179988', 'SKU-0194988', 'SKU-0209988', 'SKU-0224988', 'SKU-0239988', 'SKU-0254988', 'SKU-0269988', 'SKU-0284988', 'SKU-0299988'], '2026-09-18', '2026-09-18')"
Q3,frio,1,0.451084,"(2, '2026-11-27')"
Q3,frio,2,1.196042,"(5, '2026-10-21')"
Q3,frio,3,0.883458,"(4, '2026-10-21')"
Q3,frio,4,0.723250,"(1, '2026-09-28')"
Q3,frio,5,0.613667,"(4, '2026-10-24')"
Q3,frio,6,0.654250,"(4, '2026-10-18')"
Q3,frio,7,0.575875,"(1, '2026-09-24')"
Q3,frio,8,0.568125,"(3, '2026-09-21')"
Q3,frio,9,0.526125,"(2, '2026-09-26')"
Q3,frio,10,0.530792,"(4, '2026-09-24')"
Q3,frio,11,0.530500,"(2, '2026-10-25')"
Q3,frio,12,0.543125,"(2, '2026-09-25')"
Q3,frio,13,0.488208,"(5, '2026-09-18')"
Q3,frio,14,0.490125,"(5, '2026-09-19')"
Q3,frio,15,0.491125,"(2, '2026-09-24')"
Q3,frio,16,0.633916,"(4, '2026-10-21')"
Q3,frio,17,0.513375,"(4, '2026-09-20')"
Q3,frio,18,0.468375,"(4, '2026-09-24')"
Q3,frio,19,0.532334,"(3, '2026-10-22')"
Q3,frio,20,0.126291,"(4, '2026-11-26')"
Q3,frio,21,0.496333,"(4, '2026-09-21')"
Q3,frio,22,0.499833,"(3, '2026-09-18')"
Q3,frio,23,0.137292,"(5, '2026-11-26')"
Q3,frio,24,0.126667,"(1, '2026-11-23')"
Q3,frio,25,0.447833,"(1, '2026-09-27')"
Q3,frio,26,0.153125,"(4, '2026-11-26')"
Q3,frio,27,0.465750,"(2, '2026-09-26')"
Q3,frio,28,0.462292,"(1, '2026-09-19')"
Q3,frio,29,0.458458,"(5, '2026-09-28')"
Q3,frio,30,0.501125,"(2, '2026-10-19')"
Q3,frio,31,0.484917,"(5, '2026-09-27')"
Q3,frio,32,0.423083,"(5, '2026-09-27')"
Q3,frio,33,0.528125,"(1, '2026-10-28')"
Q3,frio,34,0.138667,"(5, '2026-11-26')"
Q3,frio,35,0.463000,"(3, '2026-10-21')"
Q3,frio,36,0.479208,"(3, '2026-09-22')"
Q3,frio,37,0.463416,"(4, '2026-09-28')"
Q3,frio,38,0.460584,"(3, '2026-10-23')"
Q3,frio,39,0.484875,"(1, '2026-09-25')"
Q3,frio,40,0.165416,"(5, '2026-11-19')"
Q3,frio,41,0.136584,"(1, '2026-11-21')"
Q3,frio,42,0.466750,"(5, '2026-10-20')"
Q3,frio,43,0.513667,"(3, '2026-09-21')"
Q3,frio,44,0.504584,"(3, '2026-10-20')"
Q3,frio,45,0.127084,"(4, '2026-11-22')"
Q3,frio,46,0.155583,"(5, '2026-11-26')"
Q3,frio,47,0.114042,"(1, '2026-11-26')"
Q3,frio,48,0.129792,"(3, '2026-11-19')"
Q3,frio,49,0.473250,"(2, '2026-10-19')"
Q3,frio,50,0.142167,"(1, '2026-11-26')"
Q3,frio,51,0.506500,"(2, '2026-10-22')"
Q3,frio,52,0.487000,"(5, '2026-09-23')"
Q3,frio,53,0.128708,"(2, '2026-11-28')"
Q3,frio,54,0.137375,"(3, '2026-11-25')"
Q3,frio,55,0.457959,"(3, '2026-09-19')"
Q3,frio,56,0.476834,"(4, '2026-10-18')"
Q3,frio,57,0.460167,"(1, '2026-10-20')"
Q3,frio,58,0.478459,"(3, '2026-09-25')"
Q3,frio,59,0.128500,"(5, '2026-11-24')"
Q3,frio,60,0.500417,"(5, '2026-09-19')"
Q3,frio,61,0.131541,"(1, '2026-11-20')"
Q3,frio,62,0.510375,"(5, '2026-09-23')"
Q3,frio,63,0.130250,"(5, '2026-11-20')"
Q3,frio,64,0.480417,"(4, '2026-09-18')"
Q3,frio,65,0.498166,"(3, '2026-10-18')"
Q3,frio,66,0.497750,"(3, '2026-09-28')"
Q3,frio,67,0.124541,"(2, '2026-11-19')"
Q3,frio,68,0.127709,"(3, '2026-11-24')"
Q3,frio,69,0.136667,"(5, '2026-11-20')"
Q3,frio,70,0.473916,"(2, '2026-09-20')"
Q3,frio,71,0.494084,"(4, '2026-09-20')"
Q3,frio,72,0.458625,"(3, '2026-10-28')"
Q3,frio,73,0.577042,"(2, '2026-10-20')"
Q3,frio,74,0.501125,"(1, '2026-10-18')"
Q3,frio,75,0.464458,"(4, '2026-09-21')"
Q3,frio,76,0.438583,"(4, '2026-10-22')"
Q3,frio,77,0.443666,"(2, '2026-09-18')"
Q3,frio,78,0.503542,"(2, '2026-10-23')"
Q3,frio,79,0.444125,"(3, '2026-09-22')"
Q3,frio,80,0.134125,"(3, '2026-11-26')"
Q3,frio,81,0.138209,"(4, '2026-11-26')"
Q3,frio,82,0.447000,"(3, '2026-09-19')"
Q3,frio,83,0.442416,"(3, '2026-09-27')"
Q3,frio,84,0.413083,"(3, '2026-09-19')"
Q3,frio,85,0.481875,"(5, '2026-10-23')"
Q3,frio,86,0.496292,"(3, '2026-10-27')"
Q3,frio,87,0.441875,"(5, '2026-09-24')"
Q3,frio,88,0.446458,"(5, '2026-09-22')"
Q3,frio,89,0.135958,"(1, '2026-11-24')"
Q3,frio,90,0.117875,"(1, '2026-11-26')"
Q3,frio,91,0.478083,"(2, '2026-10-24')"
Q3,frio,92,0.120041,"(1, '2026-11-23')"
Q3,frio,93,0.451750,"(5, '2026-10-28')"
Q3,frio,94,0.129000,"(1, '2026-11-22')"
Q3,frio,95,0.428375,"(5, '2026-10-28')"
Q3,frio,96,0.441125,"(4, '2026-10-24')"
Q3,frio,97,0.136500,"(3, '2026-11-20')"
Q3,frio,98,0.473500,"(2, '2026-10-28')"
Q3,frio,99,0.124000,"(4, '2026-11-20')"
Q3,frio,100,0.116042,"(5, '2026-11-22')"
Q3,frio,101,0.124958,"(4, '2026-11-18')"
Q3,frio,102,0.437250,"(3, '2026-10-21')"
Q3,frio,103,0.119625,"(4, '2026-11-27')"
Q3,frio,104,0.448792,"(3, '2026-10-25')"
Q3,frio,105,0.132375,"(4, '2026-11-21')"
Q3,frio,106,0.504917,"(5, '2026-10-20')"
Q3,frio,107,0.500917,"(1, '2026-10-26')"
Q3,frio,108,0.480750,"(5, '2026-10-19')"
Q3,frio,109,0.145000,"(2, '2026-11-22')"
Q3,frio,110,0.437000,"(2, '2026-09-20')"
Q3,frio,111,0.479166,"(1, '2026-09-21')"
Q3,frio,112,0.123584,"(4, '2026-11-19')"
Q3,frio,113,0.482166,"(4, '2026-10-28')"
Q3,frio,114,0.434125,"(5, '2026-09-24')"
Q3,frio,115,0.408833,"(4, '2026-10-21')"
Q3,frio,116,0.134958,"(2, '2026-11-18')"
Q3,frio,117,0.487125,"(1, '2026-10-21')"
Q3,frio,118,0.129208,"(2, '2026-11-26')"
Q3,frio,119,0.497792,"(4, '2026-09-26')"
Q3,frio,120,0.503125,"(2, '2026-09-25')"
Q3,frio,121,0.439750,"(2, '2026-10-28')"
Q3,frio,122,0.142375,"(5, '2026-11-27')"
Q3,frio,123,0.464542,"(3, '2026-10-27')"
Q3,frio,124,0.497791,"(5, '2026-10-26')"
Q3,frio,125,0.498625,"(4, '2026-09-25')"
Q3,frio,126,0.431000,"(4, '2026-10-21')"
Q3,frio,127,0.122167,"(3, '2026-11-25')"
Q3,frio,128,0.491875,"(2, '2026-10-25')"
Q3,frio,129,0.122875,"(1, '2026-11-22')"
Q3,frio,130,0.458000,"(2, '2026-10-23')"
Q3,frio,131,0.114458,"(3, '2026-11-19')"
Q3,frio,132,0.455667,"(2, '2026-09-21')"
Q3,frio,133,0.107916,"(4, '2026-11-20')"
Q3,frio,134,0.463459,"(2, '2026-09-24')"
Q3,frio,135,0.467375,"(4, '2026-10-26')"
Q3,frio,136,0.513041,"(4, '2026-10-18')"
Q3,frio,137,0.483333,"(2, '2026-10-24')"
Q3,frio,138,0.125208,"(5, '2026-11-18')"
Q3,frio,139,0.516083,"(5, '2026-10-25')"
Q3,frio,140,0.459958,"(1, '2026-10-22')"
Q3,frio,141,0.461500,"(4, '2026-10-26')"
Q3,frio,142,0.131459,"(5, '2026-11-21')"
Q3,frio,143,0.521625,"(4, '2026-09-22')"
Q3,frio,144,0.512875,"(4, '2026-10-18')"
Q3,frio,145,0.550667,"(4, '2026-10-28')"
Q3,frio,146,0.147542,"(4, '2026-11-20')"
Q3,frio,147,0.535875,"(4, '2026-09-27')"
Q3,frio,148,0.535500,"(5, '2026-09-24')"
Q3,frio,149,0.150542,"(5, '2026-11-28')"
Q3,frio,150,0.497166,"(1, '2026-09-28')"
Q3,frio,151,0.448958,"(4, '2026-09-25')"
Q3,frio,152,0.530875,"(2, '2026-09-22')"
Q3,frio,153,0.473958,"(4, '2026-10-21')"
Q3,frio,154,0.473500,"(4, '2026-10-23')"
Q3,frio,155,0.470083,"(4, '2026-10-24')"
Q3,frio,156,0.539208,"(3, '2026-09-25')"
Q3,frio,157,0.125375,"(1, '2026-11-26')"
Q3,frio,158,0.443709,"(1, '2026-10-21')"
Q3,frio,159,0.129500,"(1, '2026-11-18')"
Q3,frio,160,0.454291,"(1, '2026-09-21')"
Q3,frio,161,0.130416,"(1, '2026-11-20')"
Q3,frio,162,0.455750,"(2, '2026-09-25')"
Q3,frio,163,0.140625,"(1, '2026-11-21')"
Q3,frio,164,0.145667,"(4, '2026-11-22')"
Q3,frio,165,0.469292,"(3, '2026-09-27')"
Q3,frio,166,0.125792,"(5, '2026-11-19')"
Q3,frio,167,0.469083,"(2, '2026-10-19')"
Q3,frio,168,0.419292,"(5, '2026-09-22')"
Q3,frio,169,0.129667,"(5, '2026-11-24')"
Q3,frio,170,0.123125,"(4, '2026-11-21')"
Q3,frio,171,0.119167,"(1, '2026-11-28')"
Q3,frio,172,0.439833,"(2, '2026-09-22')"
Q3,frio,173,0.442500,"(5, '2026-09-27')"
Q3,frio,174,0.499583,"(1, '2026-10-26')"
Q3,frio,175,0.182875,"(4, '2026-11-23')"
Q3,frio,176,0.138375,"(1, '2026-11-28')"
Q3,frio,177,0.453917,"(3, '2026-09-24')"
Q3,frio,178,0.474292,"(4, '2026-09-24')"
Q3,frio,179,0.137416,"(3, '2026-11-25')"
Q3,frio,180,0.459042,"(2, '2026-10-20')"
Q3,frio,181,0.142291,"(5, '2026-11-22')"
Q3,frio,182,0.134250,"(5, '2026-11-25')"
Q3,frio,183,0.467917,"(4, '2026-10-27')"
Q3,frio,184,0.449000,"(3, '2026-10-21')"
Q3,frio,185,0.465000,"(1, '2026-10-25')"
Q3,frio,186,0.455917,"(2, '2026-10-27')"
Q3,frio,187,0.123583,"(5, '2026-11-24')"
Q3,frio,188,0.443500,"(3, '2026-09-25')"
Q3,frio,189,0.439792,"(3, '2026-09-25')"
Q3,frio,190,0.460709,"(2, '2026-10-22')"
Q3,frio,191,0.446209,"(3, '2026-10-27')"
Q3,frio,192,0.138917,"(3, '2026-11-18')"
Q3,frio,193,0.461541,"(5, '2026-09-19')"
Q3,frio,194,0.133250,"(2, '2026-11-24')"
Q3,frio,195,0.125625,"(4, '2026-11-21')"
Q3,frio,196,0.119416,"(4, '2026-11-25')"
Q3,frio,197,0.446875,"(4, '2026-09-19')"
Q3,frio,198,0.457416,"(3, '2026-09-24')"
Q3,frio,199,0.439125,"(2, '2026-10-28')"
Q3,frio,200,0.434958,"(5, '2026-10-25')"
Q4,frio,1,1.730291,"(14878,)"
Q4,frio,2,0.762625,"(14856,)"
Q4,frio,3,0.824500,"(14920,)"
Q4,frio,4,0.863625,"(14912,)"
Q4,frio,5,0.871125,"(14907,)"
Q4,frio,6,0.738292,"(14885,)"
Q4,frio,7,0.829542,"(14876,)"
Q4,frio,8,0.892167,"(14989,)"
Q4,frio,9,0.841500,"(14872,)"
Q4,frio,10,0.842000,"(14958,)"
Q4,frio,11,0.704375,"(14858,)"
Q4,frio,12,0.822209,"(14857,)"
Q4,frio,13,0.874042,"(14873,)"
Q4,frio,14,0.827333,"(14905,)"
Q4,frio,15,0.971625,"(14909,)"
Q4,frio,16,0.918750,"(14979,)"
Q4,frio,17,0.262791,"(14856,)"
Q4,frio,18,0.736791,"(14993,)"
Q4,frio,19,0.631083,"(14900,)"
Q4,frio,20,0.242542,"(14989,)"
Q4,frio,21,0.666250,"(14957,)"
Q4,frio,22,0.792375,"(14906,)"
Q4,frio,23,0.633667,"(14964,)"
Q4,frio,24,0.665750,"(14921,)"
Q4,frio,25,0.730041,"(14851,)"
Q4,frio,26,0.593833,"(14890,)"
Q4,frio,27,0.240500,"(14958,)"
Q4,frio,28,0.651375,"(14937,)"
Q4,frio,29,0.228000,"(14921,)"
Q4,frio,30,0.631834,"(14889,)"
Q4,frio,31,0.251500,"(14905,)"
Q4,frio,32,0.527375,"(14936,)"
Q4,frio,33,0.276416,"(14876,)"
Q4,frio,34,0.263084,"(14873,)"
Q4,frio,35,0.644375,"(14947,)"
Q4,frio,36,0.717375,"(14874,)"
Q4,frio,37,0.624917,"(14941,)"
Q4,frio,38,0.538583,"(14938,)"
Q4,frio,39,0.589791,"(14917,)"
Q4,frio,40,0.690625,"(14861,)"
Q4,frio,41,0.581334,"(14967,)"
Q4,frio,42,0.624083,"(14987,)"
Q4,frio,43,0.514250,"(14881,)"
Q4,frio,44,0.567959,"(14946,)"
Q4,frio,45,0.546000,"(14870,)"
Q4,frio,46,0.622625,"(14991,)"
Q4,frio,47,0.607250,"(14925,)"
Q4,frio,48,0.677875,"(14942,)"
Q4,frio,49,0.654542,"(14997,)"
Q4,frio,50,0.574583,"(14899,)"
Q4,frio,51,0.624791,"(14867,)"
Q4,frio,52,0.293584,"(14861,)"
Q4,frio,53,0.661542,"(14908,)"
Q4,frio,54,0.729041,"(14924,)"
Q4,frio,55,0.241834,"(14870,)"
Q4,frio,56,0.280125,"(14909,)"
Q4,frio,57,0.611542,"(14875,)"
Q4,frio,58,0.254333,"(14947,)"
Q4,frio,59,0.269375,"(14921,)"
Q4,frio,60,0.717292,"(14966,)"
Q4,frio,61,0.865583,"(14943,)"
Q4,frio,62,0.956084,"(14891,)"
Q4,frio,63,0.931167,"(14944,)"
Q4,frio,64,0.828875,"(14940,)"
Q4,frio,65,0.678250,"(14903,)"
Q4,frio,66,0.637584,"(14918,)"
Q4,frio,67,0.647458,"(14868,)"
Q4,frio,68,0.561209,"(14893,)"
Q4,frio,69,0.526000,"(14986,)"
Q4,frio,70,0.287708,"(14912,)"
Q4,frio,71,0.288375,"(14891,)"
Q4,frio,72,0.509542,"(14968,)"
Q4,frio,73,0.268250,"(14947,)"
Q4,frio,74,0.541084,"(14919,)"
Q4,frio,75,0.568833,"(14992,)"
Q4,frio,76,0.312708,"(14906,)"
Q4,frio,77,0.529125,"(14933,)"
Q4,frio,78,0.581375,"(14864,)"
Q4,frio,79,0.279791,"(14908,)"
Q4,frio,80,0.278375,"(14858,)"
Q4,frio,81,0.532375,"(14930,)"
Q4,frio,82,0.548625,"(14952,)"
Q4,frio,83,0.249459,"(14918,)"
Q4,frio,84,0.543750,"(14866,)"
Q4,frio,85,0.523958,"(14904,)"
Q4,frio,86,0.536083,"(14995,)"
Q4,frio,87,0.240417,"(14930,)"
Q4,frio,88,0.217667,"(14904,)"
Q4,frio,89,0.496917,"(14977,)"
Q4,frio,90,0.562708,"(14951,)"
Q4,frio,91,0.283292,"(14967,)"
Q4,frio,92,0.515084,"(14886,)"
Q4,frio,93,0.269792,"(14917,)"
Q4,frio,94,0.267917,"(14885,)"
Q4,frio,95,0.522000,"(14913,)"
Q4,frio,96,0.271958,"(14993,)"
Q4,frio,97,0.270250,"(14987,)"
Q4,frio,98,0.245458,"(14917,)"
Q4,frio,99,0.573584,"(15000,)"
Q4,frio,100,0.591083,"(14959,)"
Q4,frio,101,0.220916,"(15000,)"
Q4,frio,102,0.270125,"(14952,)"
Q4,frio,103,0.302042,"(14942,)"
Q4,frio,104,0.241625,"(14906,)"
Q4,frio,105,0.231292,"(14885,)"
Q4,frio,106,0.669416,"(14980,)"
Q4,frio,107,0.538709,"(14976,)"
Q4,frio,108,0.275708,"(14873,)"
Q4,frio,109,0.476958,"(14862,)"
Q4,frio,110,0.255375,"(14878,)"
Q4,frio,111,0.263000,"(14889,)"
Q4,frio,112,0.281792,"(14890,)"
Q4,frio,113,0.287083,"(14958,)"
Q4,frio,114,0.238458,"(14866,)"
Q4,frio,115,0.518417,"(14948,)"
Q4,frio,116,0.244417,"(14947,)"
Q4,frio,117,0.514709,"(14969,)"
Q4,frio,118,0.481500,"(14985,)"
Q4,frio,119,0.496625,"(14914,)"
Q4,frio,120,0.290500,"(14991,)"
Q4,frio,121,0.561125,"(14852,)"
Q4,frio,122,0.512208,"(14879,)"
Q4,frio,123,0.234042,"(14987,)"
Q4,frio,124,0.245750,"(14918,)"
Q4,frio,125,0.281250,"(14937,)"
Q4,frio,126,0.220042,"(14878,)"
Q4,frio,127,0.261458,"(14925,)"
Q4,frio,128,0.537000,"(14961,)"
Q4,frio,129,0.243084,"(14890,)"
Q4,frio,130,0.249958,"(14966,)"
Q4,frio,131,0.571958,"(14850,)"
Q4,frio,132,0.252458,"(14917,)"
Q4,frio,133,0.510000,"(14978,)"
Q4,frio,134,0.560459,"(14895,)"
Q4,frio,135,0.294875,"(14979,)"
Q4,frio,136,0.552333,"(14877,)"
Q4,frio,137,0.536042,"(14926,)"
Q4,frio,138,0.217584,"(14979,)"
Q4,frio,139,0.272042,"(14900,)"
Q4,frio,140,0.258250,"(14889,)"
Q4,frio,141,0.585083,"(14945,)"
Q4,frio,142,0.249958,"(14891,)"
Q4,frio,143,0.536833,"(14988,)"
Q4,frio,144,0.236209,"(14985,)"
Q4,frio,145,0.287250,"(14850,)"
Q4,frio,146,0.578833,"(14932,)"
Q4,frio,147,0.488584,"(14975,)"
Q4,frio,148,0.517416,"(14854,)"
Q4,frio,149,0.246917,"(14878,)"
Q4,frio,150,0.230959,"(14942,)"
Q4,frio,151,0.575833,"(14928,)"
Q4,frio,152,0.506291,"(14911,)"
Q4,frio,153,0.241792,"(14864,)"
Q4,frio,154,0.243333,"(14911,)"
Q4,frio,155,0.243291,"(14995,)"
Q4,frio,156,0.256042,"(14870,)"
Q4,frio,157,0.558666,"(14871,)"
Q4,frio,158,0.528542,"(14974,)"
Q4,frio,159,0.256000,"(14867,)"
Q4,frio,160,0.240166,"(14986,)"
Q4,frio,161,0.472000,"(14882,)"
Q4,frio,162,0.264208,"(14882,)"
Q4,frio,163,0.468958,"(14971,)"
Q4,frio,164,0.496542,"(14990,)"
Q4,frio,165,0.523666,"(14892,)"
Q4,frio,166,0.229625,"(14917,)"
Q4,frio,167,0.267750,"(14985,)"
Q4,frio,168,0.247042,"(14958,)"
Q4,frio,169,0.232167,"(14904,)"
Q4,frio,170,0.241208,"(14988,)"
Q4,frio,171,0.494250,"(14901,)"
Q4,frio,172,0.493334,"(14929,)"
Q4,frio,173,0.245000,"(14952,)"
Q4,frio,174,0.247084,"(14945,)"
Q4,frio,175,0.478083,"(14962,)"
Q4,frio,176,0.534459,"(14982,)"
Q4,frio,177,0.484959,"(14965,)"
Q4,frio,178,0.579667,"(14880,)"
Q4,frio,179,0.258000,"(14913,)"
Q4,frio,180,0.270708,"(14907,)"
Q4,frio,181,0.245833,"(14866,)"
Q4,frio,182,0.257792,"(14936,)"
Q4,frio,183,0.495042,"(14855,)"
Q4,frio,184,0.256500,"(14991,)"
Q4,frio,185,0.229458,"(14908,)"
Q4,frio,186,0.234792,"(14906,)"
Q4,frio,187,0.251125,"(14851,)"
Q4,frio,188,0.248791,"(14868,)"
Q4,frio,189,0.526792,"(14865,)"
Q4,frio,190,0.252583,"(14908,)"
Q4,frio,191,0.314750,"(14867,)"
Q4,frio,192,0.290083,"(14858,)"
Q4,frio,193,0.628875,"(14934,)"
Q4,frio,194,0.270542,"(14868,)"
Q4,frio,195,0.477000,"(14981,)"
Q4,frio,196,0.442625,"(14910,)"
Q4,frio,197,0.252292,"(14921,)"
Q4,frio,198,0.234208,"(14974,)"
Q4,frio,199,0.275625,"(14904,)"
Q4,frio,200,0.235834,"(14988,)"
Q5,frio,1,0.190833,"(14878,)"
Q5,frio,2,0.172792,"(14856,)"
Q5,frio,3,0.183500,"(14920,)"
Q5,frio,4,0.148584,"(14912,)"
Q5,frio,5,0.142291,"(14907,)"
Q5,frio,6,0.155000,"(14885,)"
Q5,frio,7,0.150208,"(14876,)"
Q5,frio,8,0.161416,"(14989,)"
Q5,frio,9,0.166333,"(14872,)"
Q5,frio,10,0.145750,"(14958,)"
Q5,frio,11,0.171042,"(14858,)"
Q5,frio,12,0.168416,"(14857,)"
Q5,frio,13,0.153625,"(14873,)"
Q5,frio,14,0.172625,"(14905,)"
Q5,frio,15,0.163709,"(14909,)"
Q5,frio,16,0.160500,"(14979,)"
Q5,frio,17,0.138542,"(14856,)"
Q5,frio,18,0.161959,"(14993,)"
Q5,frio,19,0.147125,"(14900,)"
Q5,frio,20,0.159000,"(14989,)"
Q5,frio,21,0.157666,"(14957,)"
Q5,frio,22,0.150334,"(14906,)"
Q5,frio,23,0.161708,"(14964,)"
Q5,frio,24,0.153500,"(14921,)"
Q5,frio,25,0.156917,"(14851,)"
Q5,frio,26,0.151417,"(14890,)"
Q5,frio,27,0.163041,"(14958,)"
Q5,frio,28,0.168875,"(14937,)"
Q5,frio,29,0.159917,"(14921,)"
Q5,frio,30,0.162667,"(14889,)"
Q5,frio,31,0.152459,"(14905,)"
Q5,frio,32,0.149958,"(14936,)"
Q5,frio,33,0.161583,"(14876,)"
Q5,frio,34,0.143791,"(14873,)"
Q5,frio,35,0.142250,"(14947,)"
Q5,frio,36,0.167000,"(14874,)"
Q5,frio,37,0.174417,"(14941,)"
Q5,frio,38,0.155458,"(14938,)"
Q5,frio,39,0.160500,"(14917,)"
Q5,frio,40,0.155167,"(14861,)"
Q5,frio,41,0.147625,"(14967,)"
Q5,frio,42,0.159584,"(14987,)"
Q5,frio,43,0.171542,"(14881,)"
Q5,frio,44,0.187958,"(14946,)"
Q5,frio,45,0.157250,"(14870,)"
Q5,frio,46,0.159083,"(14991,)"
Q5,frio,47,0.153708,"(14925,)"
Q5,frio,48,0.150292,"(14942,)"
Q5,frio,49,0.157542,"(14997,)"
Q5,frio,50,0.156333,"(14899,)"
Q5,frio,51,0.149000,"(14867,)"
Q5,frio,52,0.138916,"(14861,)"
Q5,frio,53,0.153833,"(14908,)"
Q5,frio,54,0.175958,"(14924,)"
Q5,frio,55,0.141167,"(14870,)"
Q5,frio,56,0.137292,"(14909,)"
Q5,frio,57,0.152500,"(14875,)"
Q5,frio,58,0.141333,"(14947,)"
Q5,frio,59,0.154500,"(14921,)"
Q5,frio,60,0.151084,"(14966,)"
Q5,frio,61,0.159750,"(14943,)"
Q5,frio,62,0.148083,"(14891,)"
Q5,frio,63,0.141167,"(14944,)"
Q5,frio,64,0.156875,"(14940,)"
Q5,frio,65,0.147625,"(14903,)"
Q5,frio,66,0.149000,"(14918,)"
Q5,frio,67,0.157792,"(14868,)"
Q5,frio,68,0.167208,"(14893,)"
Q5,frio,69,0.159875,"(14986,)"
Q5,frio,70,0.155625,"(14912,)"
Q5,frio,71,0.146584,"(14891,)"
Q5,frio,72,0.159625,"(14968,)"
Q5,frio,73,0.143500,"(14947,)"
Q5,frio,74,0.149750,"(14919,)"
Q5,frio,75,0.156292,"(14992,)"
Q5,frio,76,0.140916,"(14906,)"
Q5,frio,77,0.159334,"(14933,)"
Q5,frio,78,0.150042,"(14864,)"
Q5,frio,79,0.141500,"(14908,)"
Q5,frio,80,0.139167,"(14858,)"
Q5,frio,81,0.148083,"(14930,)"
Q5,frio,82,0.156708,"(14952,)"
Q5,frio,83,0.146458,"(14918,)"
Q5,frio,84,0.153875,"(14866,)"
Q5,frio,85,0.145125,"(14904,)"
Q5,frio,86,0.144500,"(14995,)"
Q5,frio,87,0.143167,"(14930,)"
Q5,frio,88,0.159292,"(14904,)"
Q5,frio,89,0.153625,"(14977,)"
Q5,frio,90,0.161500,"(14951,)"
Q5,frio,91,0.140208,"(14967,)"
Q5,frio,92,0.145583,"(14886,)"
Q5,frio,93,0.153208,"(14917,)"
Q5,frio,94,0.137542,"(14885,)"
Q5,frio,95,0.147959,"(14913,)"
Q5,frio,96,0.139583,"(14993,)"
Q5,frio,97,0.157375,"(14987,)"
Q5,frio,98,0.150500,"(14917,)"
Q5,frio,99,0.148750,"(15000,)"
Q5,frio,100,0.166750,"(14959,)"
Q5,frio,101,0.145000,"(15000,)"
Q5,frio,102,0.148917,"(14952,)"
Q5,frio,103,0.143792,"(14942,)"
Q5,frio,104,0.142334,"(14906,)"
Q5,frio,105,0.159458,"(14885,)"
Q5,frio,106,0.158416,"(14980,)"
Q5,frio,107,0.151667,"(14976,)"
Q5,frio,108,0.142084,"(14873,)"
Q5,frio,109,0.150250,"(14862,)"
Q5,frio,110,0.155792,"(14878,)"
Q5,frio,111,0.155917,"(14889,)"
Q5,frio,112,0.140959,"(14890,)"
Q5,frio,113,0.141292,"(14958,)"
Q5,frio,114,0.147959,"(14866,)"
Q5,frio,115,0.153417,"(14948,)"
Q5,frio,116,0.145000,"(14947,)"
Q5,frio,117,0.142875,"(14969,)"
Q5,frio,118,0.168166,"(14985,)"
Q5,frio,119,0.165208,"(14914,)"
Q5,frio,120,0.136000,"(14991,)"
Q5,frio,121,0.173750,"(14852,)"
Q5,frio,122,0.150750,"(14879,)"
Q5,frio,123,0.150167,"(14987,)"
Q5,frio,124,0.159291,"(14918,)"
Q5,frio,125,0.151250,"(14937,)"
Q5,frio,126,0.141250,"(14878,)"
Q5,frio,127,0.154333,"(14925,)"
Q5,frio,128,0.145291,"(14961,)"
Q5,frio,129,0.147250,"(14890,)"
Q5,frio,130,0.146083,"(14966,)"
Q5,frio,131,0.152208,"(14850,)"
Q5,frio,132,0.156458,"(14917,)"
Q5,frio,133,0.156250,"(14978,)"
Q5,frio,134,0.164375,"(14895,)"
Q5,frio,135,0.150208,"(14979,)"
Q5,frio,136,0.142958,"(14877,)"
Q5,frio,137,0.158875,"(14926,)"
Q5,frio,138,0.140583,"(14979,)"
Q5,frio,139,0.142584,"(14900,)"
Q5,frio,140,0.147417,"(14889,)"
Q5,frio,141,0.143708,"(14945,)"
Q5,frio,142,0.136250,"(14891,)"
Q5,frio,143,0.154916,"(14988,)"
Q5,frio,144,0.144500,"(14985,)"
Q5,frio,145,0.144042,"(14850,)"
Q5,frio,146,0.155750,"(14932,)"
Q5,frio,147,0.156583,"(14975,)"
Q5,frio,148,0.154792,"(14854,)"
Q5,frio,149,0.144916,"(14878,)"
Q5,frio,150,0.139625,"(14942,)"
Q5,frio,151,0.150083,"(14928,)"
Q5,frio,152,0.154834,"(14911,)"
Q5,frio,153,0.149375,"(14864,)"
Q5,frio,154,0.134416,"(14911,)"
Q5,frio,155,0.148709,"(14995,)"
Q5,frio,156,0.144584,"(14870,)"
Q5,frio,157,0.138625,"(14871,)"
Q5,frio,158,0.148042,"(14974,)"
Q5,frio,159,0.149375,"(14867,)"
Q5,frio,160,0.146125,"(14986,)"
Q5,frio,161,0.148916,"(14882,)"
Q5,frio,162,0.143417,"(14882,)"
Q5,frio,163,0.156625,"(14971,)"
Q5,frio,164,0.152000,"(14990,)"
Q5,frio,165,0.161458,"(14892,)"
Q5,frio,166,0.145500,"(14917,)"
Q5,frio,167,0.147750,"(14985,)"
Q5,frio,168,0.140375,"(14958,)"
Q5,frio,169,0.145958,"(14904,)"
Q5,frio,170,0.146375,"(14988,)"
Q5,frio,171,0.143500,"(14901,)"
Q5,frio,172,0.142667,"(14929,)"
Q5,frio,173,0.143792,"(14952,)"
Q5,frio,174,0.149000,"(14945,)"
Q5,frio,175,0.167583,"(14962,)"
Q5,frio,176,0.150792,"(14982,)"
Q5,frio,177,0.150917,"(14965,)"
Q5,frio,178,0.140917,"(14880,)"
Q5,frio,179,0.144375,"(14913,)"
Q5,frio,180,0.138375,"(14907,)"
Q5,frio,181,0.137250,"(14866,)"
Q5,frio,182,0.154750,"(14936,)"
Q5,frio,183,0.155500,"(14855,)"
Q5,frio,184,0.153458,"(14991,)"
Q5,frio,185,0.154583,"(14908,)"
Q5,frio,186,0.159250,"(14906,)"
Q5,frio,187,0.151666,"(14851,)"
Q5,frio,188,0.153250,"(14868,)"
Q5,frio,189,0.147834,"(14865,)"
Q5,frio,190,0.145917,"(14908,)"
Q5,frio,191,0.135875,"(14867,)"
Q5,frio,192,0.139417,"(14858,)"
Q5,frio,193,0.143792,"(14934,)"
Q5,frio,194,0.152416,"(14868,)"
Q5,frio,195,0.148625,"(14981,)"
Q5,frio,196,0.148416,"(14910,)"
Q5,frio,197,0.141250,"(14921,)"
Q5,frio,198,0.140042,"(14974,)"
Q5,frio,199,0.141541,"(14904,)"
Q5,frio,200,0.130625,"(14988,)"
Q1,caliente,1,0.165250,"(142, '2026-09-18 10:00:00', '2026-09-18 10:00:00')"
Q1,caliente,2,0.140375,"(136, '2026-09-18 10:00:00', '2026-09-18 10:00:00')"
Q1,caliente,3,0.126041,"(89, '2026-09-18 10:00:00', '2026-09-18 10:00:00')"
Q1,caliente,4,0.140375,"(109, '2026-09-18 10:00:00', '2026-09-18 10:00:00')"
Q1,caliente,5,0.126291,"(141, '2026-09-18 10:00:00', '2026-09-18 10:00:00')"
Q1,caliente,6,0.125167,"(85, '2026-09-18 10:00:00', '2026-09-18 10:00:00')"
Q1,caliente,7,0.129791,"(91, '2026-09-18 10:00:00', '2026-09-18 10:00:00')"
Q1,caliente,8,0.131417,"(117, '2026-09-18 10:00:00', '2026-09-18 10:00:00')"
Q1,caliente,9,0.137500,"(70, '2026-09-18 10:00:00', '2026-09-18 10:00:00')"
Q1,caliente,10,0.139417,"(79, '2026-09-18 10:00:00', '2026-09-18 10:00:00')"
Q1,caliente,11,0.119292,"(65, '2026-09-18 10:00:00', '2026-09-18 10:00:00')"
Q1,caliente,12,0.127250,"(60, '2026-09-18 10:00:00', '2026-09-18 10:00:00')"
Q1,caliente,13,0.125958,"(31, '2026-09-18 10:00:00', '2026-09-18 10:00:00')"
Q1,caliente,14,0.121958,"(50, '2026-09-18 10:00:00', '2026-09-18 10:00:00')"
Q1,caliente,15,0.123500,"(81, '2026-09-18 10:00:00', '2026-09-18 10:00:00')"
Q1,caliente,16,0.138917,"(31, '2026-09-18 10:00:00', '2026-09-18 10:00:00')"
Q1,caliente,17,0.129750,"(138, '2026-09-18 10:00:00', '2026-09-18 10:00:00')"
Q1,caliente,18,0.125583,"(48, '2026-09-18 10:00:00', '2026-09-18 10:00:00')"
Q1,caliente,19,0.129917,"(50, '2026-09-18 10:00:00', '2026-09-18 10:00:00')"
Q1,caliente,20,0.133125,"(56, '2026-09-18 10:00:00', '2026-09-18 10:00:00')"
Q1,caliente,21,0.131084,"(124, '2026-09-18 10:00:00', '2026-09-18 10:00:00')"
Q1,caliente,22,0.125042,"(71, '2026-09-18 10:00:00', '2026-09-18 10:00:00')"
Q1,caliente,23,0.115375,"(135, '2026-09-18 10:00:00', '2026-09-18 10:00:00')"
Q1,caliente,24,0.140458,"(73, '2026-09-18 10:00:00', '2026-09-18 10:00:00')"
Q1,caliente,25,0.138666,"(26, '2026-09-18 10:00:00', '2026-09-18 10:00:00')"
Q1,caliente,26,0.127125,"(50, '2026-09-18 10:00:00', '2026-09-18 10:00:00')"
Q1,caliente,27,0.125667,"(76, '2026-09-18 10:00:00', '2026-09-18 10:00:00')"
Q1,caliente,28,0.113833,"(59, '2026-09-18 10:00:00', '2026-09-18 10:00:00')"
Q1,caliente,29,0.125917,"(93, '2026-09-18 10:00:00', '2026-09-18 10:00:00')"
Q1,caliente,30,0.118333,"(46, '2026-09-18 10:00:00', '2026-09-18 10:00:00')"
Q1,caliente,31,0.126500,"(78, '2026-09-18 10:00:00', '2026-09-18 10:00:00')"
Q1,caliente,32,0.119542,"(4, '2026-09-18 10:00:00', '2026-09-18 10:00:00')"
Q1,caliente,33,0.116791,"(137, '2026-09-18 10:00:00', '2026-09-18 10:00:00')"
Q1,caliente,34,0.121750,"(33, '2026-09-18 10:00:00', '2026-09-18 10:00:00')"
Q1,caliente,35,0.119083,"(71, '2026-09-18 10:00:00', '2026-09-18 10:00:00')"
Q1,caliente,36,0.141042,"(12, '2026-09-18 10:00:00', '2026-09-18 10:00:00')"
Q1,caliente,37,0.130667,"(14, '2026-09-18 10:00:00', '2026-09-18 10:00:00')"
Q1,caliente,38,0.128333,"(142, '2026-09-18 10:00:00', '2026-09-18 10:00:00')"
Q1,caliente,39,0.118666,"(75, '2026-09-18 10:00:00', '2026-09-18 10:00:00')"
Q1,caliente,40,0.128625,"(33, '2026-09-18 10:00:00', '2026-09-18 10:00:00')"
Q1,caliente,41,0.133042,"(126, '2026-09-18 10:00:00', '2026-09-18 10:00:00')"
Q1,caliente,42,0.131417,"(27, '2026-09-18 10:00:00', '2026-09-18 10:00:00')"
Q1,caliente,43,0.125291,"(4, '2026-09-18 10:00:00', '2026-09-18 10:00:00')"
Q1,caliente,44,0.128458,"(147, '2026-09-18 10:00:00', '2026-09-18 10:00:00')"
Q1,caliente,45,0.169250,"(73, '2026-09-18 10:00:00', '2026-09-18 10:00:00')"
Q1,caliente,46,0.141584,"(121, '2026-09-18 10:00:00', '2026-09-18 10:00:00')"
Q1,caliente,47,0.127750,"(123, '2026-09-18 10:00:00', '2026-09-18 10:00:00')"
Q1,caliente,48,0.130959,"(113, '2026-09-18 10:00:00', '2026-09-18 10:00:00')"
Q1,caliente,49,0.122042,"(88, '2026-09-18 10:00:00', '2026-09-18 10:00:00')"
Q1,caliente,50,0.122000,"(48, '2026-09-18 10:00:00', '2026-09-18 10:00:00')"
Q1,caliente,51,0.161417,"(14, '2026-09-18 10:00:00', '2026-09-18 10:00:00')"
Q1,caliente,52,0.117167,"(65, '2026-09-18 10:00:00', '2026-09-18 10:00:00')"
Q1,caliente,53,0.136791,"(123, '2026-09-18 10:00:00', '2026-09-18 10:00:00')"
Q1,caliente,54,0.121334,"(30, '2026-09-18 10:00:00', '2026-09-18 10:00:00')"
Q1,caliente,55,0.133750,"(17, '2026-09-18 10:00:00', '2026-09-18 10:00:00')"
Q1,caliente,56,0.125292,"(103, '2026-09-18 10:00:00', '2026-09-18 10:00:00')"
Q1,caliente,57,0.125500,"(126, '2026-09-18 10:00:00', '2026-09-18 10:00:00')"
Q1,caliente,58,0.140334,"(19, '2026-09-18 10:00:00', '2026-09-18 10:00:00')"
Q1,caliente,59,0.130833,"(148, '2026-09-18 10:00:00', '2026-09-18 10:00:00')"
Q1,caliente,60,0.133708,"(14, '2026-09-18 10:00:00', '2026-09-18 10:00:00')"
Q1,caliente,61,0.139709,"(39, '2026-09-18 10:00:00', '2026-09-18 10:00:00')"
Q1,caliente,62,0.141542,"(39, '2026-09-18 10:00:00', '2026-09-18 10:00:00')"
Q1,caliente,63,0.131083,"(145, '2026-09-18 10:00:00', '2026-09-18 10:00:00')"
Q1,caliente,64,0.147792,"(78, '2026-09-18 10:00:00', '2026-09-18 10:00:00')"
Q1,caliente,65,0.140375,"(22, '2026-09-18 10:00:00', '2026-09-18 10:00:00')"
Q1,caliente,66,0.137542,"(64, '2026-09-18 10:00:00', '2026-09-18 10:00:00')"
Q1,caliente,67,0.126750,"(31, '2026-09-18 10:00:00', '2026-09-18 10:00:00')"
Q1,caliente,68,0.137250,"(143, '2026-09-18 10:00:00', '2026-09-18 10:00:00')"
Q1,caliente,69,0.136125,"(107, '2026-09-18 10:00:00', '2026-09-18 10:00:00')"
Q1,caliente,70,0.156208,"(58, '2026-09-18 10:00:00', '2026-09-18 10:00:00')"
Q1,caliente,71,0.132833,"(134, '2026-09-18 10:00:00', '2026-09-18 10:00:00')"
Q1,caliente,72,0.126625,"(98, '2026-09-18 10:00:00', '2026-09-18 10:00:00')"
Q1,caliente,73,0.153459,"(116, '2026-09-18 10:00:00', '2026-09-18 10:00:00')"
Q1,caliente,74,0.134542,"(114, '2026-09-18 10:00:00', '2026-09-18 10:00:00')"
Q1,caliente,75,0.128209,"(77, '2026-09-18 10:00:00', '2026-09-18 10:00:00')"
Q1,caliente,76,0.128583,"(110, '2026-09-18 10:00:00', '2026-09-18 10:00:00')"
Q1,caliente,77,0.118958,"(79, '2026-09-18 10:00:00', '2026-09-18 10:00:00')"
Q1,caliente,78,0.123167,"(146, '2026-09-18 10:00:00', '2026-09-18 10:00:00')"
Q1,caliente,79,0.130167,"(16, '2026-09-18 10:00:00', '2026-09-18 10:00:00')"
Q1,caliente,80,0.126458,"(26, '2026-09-18 10:00:00', '2026-09-18 10:00:00')"
Q1,caliente,81,0.111041,"(54, '2026-09-18 10:00:00', '2026-09-18 10:00:00')"
Q1,caliente,82,0.130584,"(55, '2026-09-18 10:00:00', '2026-09-18 10:00:00')"
Q1,caliente,83,0.116542,"(68, '2026-09-18 10:00:00', '2026-09-18 10:00:00')"
Q1,caliente,84,0.112042,"(21, '2026-09-18 10:00:00', '2026-09-18 10:00:00')"
Q1,caliente,85,0.119375,"(41, '2026-09-18 10:00:00', '2026-09-18 10:00:00')"
Q1,caliente,86,0.130708,"(62, '2026-09-18 10:00:00', '2026-09-18 10:00:00')"
Q1,caliente,87,0.120500,"(45, '2026-09-18 10:00:00', '2026-09-18 10:00:00')"
Q1,caliente,88,0.117958,"(142, '2026-09-18 10:00:00', '2026-09-18 10:00:00')"
Q1,caliente,89,0.130209,"(20, '2026-09-18 10:00:00', '2026-09-18 10:00:00')"
Q1,caliente,90,0.122958,"(41, '2026-09-18 10:00:00', '2026-09-18 10:00:00')"
Q1,caliente,91,0.133917,"(3, '2026-09-18 10:00:00', '2026-09-18 10:00:00')"
Q1,caliente,92,0.113042,"(105, '2026-09-18 10:00:00', '2026-09-18 10:00:00')"
Q1,caliente,93,0.119958,"(116, '2026-09-18 10:00:00', '2026-09-18 10:00:00')"
Q1,caliente,94,0.127209,"(121, '2026-09-18 10:00:00', '2026-09-18 10:00:00')"
Q1,caliente,95,0.127042,"(75, '2026-09-18 10:00:00', '2026-09-18 10:00:00')"
Q1,caliente,96,0.127833,"(9, '2026-09-18 10:00:00', '2026-09-18 10:00:00')"
Q1,caliente,97,0.123834,"(60, '2026-09-18 10:00:00', '2026-09-18 10:00:00')"
Q1,caliente,98,0.119750,"(74, '2026-09-18 10:00:00', '2026-09-18 10:00:00')"
Q1,caliente,99,0.118250,"(73, '2026-09-18 10:00:00', '2026-09-18 10:00:00')"
Q1,caliente,100,0.119083,"(117, '2026-09-18 10:00:00', '2026-09-18 10:00:00')"
Q1,caliente,101,0.117541,"(19, '2026-09-18 10:00:00', '2026-09-18 10:00:00')"
Q1,caliente,102,0.131125,"(60, '2026-09-18 10:00:00', '2026-09-18 10:00:00')"
Q1,caliente,103,0.132875,"(68, '2026-09-18 10:00:00', '2026-09-18 10:00:00')"
Q1,caliente,104,0.129125,"(51, '2026-09-18 10:00:00', '2026-09-18 10:00:00')"
Q1,caliente,105,0.132917,"(109, '2026-09-18 10:00:00', '2026-09-18 10:00:00')"
Q1,caliente,106,0.129084,"(30, '2026-09-18 10:00:00', '2026-09-18 10:00:00')"
Q1,caliente,107,0.123125,"(140, '2026-09-18 10:00:00', '2026-09-18 10:00:00')"
Q1,caliente,108,0.123042,"(58, '2026-09-18 10:00:00', '2026-09-18 10:00:00')"
Q1,caliente,109,0.117667,"(39, '2026-09-18 10:00:00', '2026-09-18 10:00:00')"
Q1,caliente,110,0.125417,"(69, '2026-09-18 10:00:00', '2026-09-18 10:00:00')"
Q1,caliente,111,0.133792,"(37, '2026-09-18 10:00:00', '2026-09-18 10:00:00')"
Q1,caliente,112,0.149417,"(19, '2026-09-18 10:00:00', '2026-09-18 10:00:00')"
Q1,caliente,113,0.125125,"(16, '2026-09-18 10:00:00', '2026-09-18 10:00:00')"
Q1,caliente,114,0.112833,"(43, '2026-09-18 10:00:00', '2026-09-18 10:00:00')"
Q1,caliente,115,0.117084,"(79, '2026-09-18 10:00:00', '2026-09-18 10:00:00')"
Q1,caliente,116,0.118208,"(146, '2026-09-18 10:00:00', '2026-09-18 10:00:00')"
Q1,caliente,117,0.124417,"(74, '2026-09-18 10:00:00', '2026-09-18 10:00:00')"
Q1,caliente,118,0.132417,"(113, '2026-09-18 10:00:00', '2026-09-18 10:00:00')"
Q1,caliente,119,0.121000,"(32, '2026-09-18 10:00:00', '2026-09-18 10:00:00')"
Q1,caliente,120,0.123125,"(120, '2026-09-18 10:00:00', '2026-09-18 10:00:00')"
Q1,caliente,121,0.123125,"(78, '2026-09-18 10:00:00', '2026-09-18 10:00:00')"
Q1,caliente,122,0.130833,"(104, '2026-09-18 10:00:00', '2026-09-18 10:00:00')"
Q1,caliente,123,0.156625,"(70, '2026-09-18 10:00:00', '2026-09-18 10:00:00')"
Q1,caliente,124,0.148833,"(129, '2026-09-18 10:00:00', '2026-09-18 10:00:00')"
Q1,caliente,125,0.118625,"(139, '2026-09-18 10:00:00', '2026-09-18 10:00:00')"
Q1,caliente,126,0.141500,"(127, '2026-09-18 10:00:00', '2026-09-18 10:00:00')"
Q1,caliente,127,0.117167,"(113, '2026-09-18 10:00:00', '2026-09-18 10:00:00')"
Q1,caliente,128,0.134583,"(21, '2026-09-18 10:00:00', '2026-09-18 10:00:00')"
Q1,caliente,129,0.122833,"(11, '2026-09-18 10:00:00', '2026-09-18 10:00:00')"
Q1,caliente,130,0.109250,"(111, '2026-09-18 10:00:00', '2026-09-18 10:00:00')"
Q1,caliente,131,0.147708,"(83, '2026-09-18 10:00:00', '2026-09-18 10:00:00')"
Q1,caliente,132,0.115208,"(65, '2026-09-18 10:00:00', '2026-09-18 10:00:00')"
Q1,caliente,133,0.127875,"(7, '2026-09-18 10:00:00', '2026-09-18 10:00:00')"
Q1,caliente,134,0.117042,"(24, '2026-09-18 10:00:00', '2026-09-18 10:00:00')"
Q1,caliente,135,0.121958,"(59, '2026-09-18 10:00:00', '2026-09-18 10:00:00')"
Q1,caliente,136,0.113875,"(148, '2026-09-18 10:00:00', '2026-09-18 10:00:00')"
Q1,caliente,137,0.173125,"(6, '2026-09-18 10:00:00', '2026-09-18 10:00:00')"
Q1,caliente,138,0.116458,"(69, '2026-09-18 10:00:00', '2026-09-18 10:00:00')"
Q1,caliente,139,0.124958,"(148, '2026-09-18 10:00:00', '2026-09-18 10:00:00')"
Q1,caliente,140,0.117208,"(11, '2026-09-18 10:00:00', '2026-09-18 10:00:00')"
Q1,caliente,141,0.123167,"(45, '2026-09-18 10:00:00', '2026-09-18 10:00:00')"
Q1,caliente,142,0.117042,"(121, '2026-09-18 10:00:00', '2026-09-18 10:00:00')"
Q1,caliente,143,0.139333,"(133, '2026-09-18 10:00:00', '2026-09-18 10:00:00')"
Q1,caliente,144,0.118583,"(114, '2026-09-18 10:00:00', '2026-09-18 10:00:00')"
Q1,caliente,145,0.123708,"(72, '2026-09-18 10:00:00', '2026-09-18 10:00:00')"
Q1,caliente,146,0.114084,"(47, '2026-09-18 10:00:00', '2026-09-18 10:00:00')"
Q1,caliente,147,0.114208,"(150, '2026-09-18 10:00:00', '2026-09-18 10:00:00')"
Q1,caliente,148,0.139542,"(112, '2026-09-18 10:00:00', '2026-09-18 10:00:00')"
Q1,caliente,149,0.115542,"(126, '2026-09-18 10:00:00', '2026-09-18 10:00:00')"
Q1,caliente,150,0.110917,"(24, '2026-09-18 10:00:00', '2026-09-18 10:00:00')"
Q1,caliente,151,0.125583,"(121, '2026-09-18 10:00:00', '2026-09-18 10:00:00')"
Q1,caliente,152,0.130708,"(90, '2026-09-18 10:00:00', '2026-09-18 10:00:00')"
Q1,caliente,153,0.109375,"(105, '2026-09-18 10:00:00', '2026-09-18 10:00:00')"
Q1,caliente,154,0.114833,"(86, '2026-09-18 10:00:00', '2026-09-18 10:00:00')"
Q1,caliente,155,0.109166,"(83, '2026-09-18 10:00:00', '2026-09-18 10:00:00')"
Q1,caliente,156,0.113208,"(27, '2026-09-18 10:00:00', '2026-09-18 10:00:00')"
Q1,caliente,157,0.120166,"(42, '2026-09-18 10:00:00', '2026-09-18 10:00:00')"
Q1,caliente,158,0.134125,"(85, '2026-09-18 10:00:00', '2026-09-18 10:00:00')"
Q1,caliente,159,0.127291,"(106, '2026-09-18 10:00:00', '2026-09-18 10:00:00')"
Q1,caliente,160,0.122834,"(127, '2026-09-18 10:00:00', '2026-09-18 10:00:00')"
Q1,caliente,161,0.144250,"(74, '2026-09-18 10:00:00', '2026-09-18 10:00:00')"
Q1,caliente,162,0.118709,"(103, '2026-09-18 10:00:00', '2026-09-18 10:00:00')"
Q1,caliente,163,0.132000,"(141, '2026-09-18 10:00:00', '2026-09-18 10:00:00')"
Q1,caliente,164,0.111584,"(10, '2026-09-18 10:00:00', '2026-09-18 10:00:00')"
Q1,caliente,165,0.127875,"(117, '2026-09-18 10:00:00', '2026-09-18 10:00:00')"
Q1,caliente,166,0.129625,"(23, '2026-09-18 10:00:00', '2026-09-18 10:00:00')"
Q1,caliente,167,0.117625,"(81, '2026-09-18 10:00:00', '2026-09-18 10:00:00')"
Q1,caliente,168,0.157208,"(65, '2026-09-18 10:00:00', '2026-09-18 10:00:00')"
Q1,caliente,169,0.132292,"(83, '2026-09-18 10:00:00', '2026-09-18 10:00:00')"
Q1,caliente,170,0.132584,"(30, '2026-09-18 10:00:00', '2026-09-18 10:00:00')"
Q1,caliente,171,0.122167,"(104, '2026-09-18 10:00:00', '2026-09-18 10:00:00')"
Q1,caliente,172,0.114208,"(132, '2026-09-18 10:00:00', '2026-09-18 10:00:00')"
Q1,caliente,173,0.127041,"(3, '2026-09-18 10:00:00', '2026-09-18 10:00:00')"
Q1,caliente,174,0.125875,"(139, '2026-09-18 10:00:00', '2026-09-18 10:00:00')"
Q1,caliente,175,0.127167,"(119, '2026-09-18 10:00:00', '2026-09-18 10:00:00')"
Q1,caliente,176,0.120208,"(106, '2026-09-18 10:00:00', '2026-09-18 10:00:00')"
Q1,caliente,177,0.115291,"(14, '2026-09-18 10:00:00', '2026-09-18 10:00:00')"
Q1,caliente,178,0.117167,"(49, '2026-09-18 10:00:00', '2026-09-18 10:00:00')"
Q1,caliente,179,0.125667,"(133, '2026-09-18 10:00:00', '2026-09-18 10:00:00')"
Q1,caliente,180,0.119084,"(93, '2026-09-18 10:00:00', '2026-09-18 10:00:00')"
Q1,caliente,181,0.125959,"(128, '2026-09-18 10:00:00', '2026-09-18 10:00:00')"
Q1,caliente,182,0.121958,"(114, '2026-09-18 10:00:00', '2026-09-18 10:00:00')"
Q1,caliente,183,0.129708,"(14, '2026-09-18 10:00:00', '2026-09-18 10:00:00')"
Q1,caliente,184,0.117084,"(53, '2026-09-18 10:00:00', '2026-09-18 10:00:00')"
Q1,caliente,185,0.121875,"(69, '2026-09-18 10:00:00', '2026-09-18 10:00:00')"
Q1,caliente,186,0.128500,"(141, '2026-09-18 10:00:00', '2026-09-18 10:00:00')"
Q1,caliente,187,0.130750,"(34, '2026-09-18 10:00:00', '2026-09-18 10:00:00')"
Q1,caliente,188,0.122041,"(74, '2026-09-18 10:00:00', '2026-09-18 10:00:00')"
Q1,caliente,189,0.109416,"(113, '2026-09-18 10:00:00', '2026-09-18 10:00:00')"
Q1,caliente,190,0.135833,"(125, '2026-09-18 10:00:00', '2026-09-18 10:00:00')"
Q1,caliente,191,0.134917,"(32, '2026-09-18 10:00:00', '2026-09-18 10:00:00')"
Q1,caliente,192,0.123167,"(8, '2026-09-18 10:00:00', '2026-09-18 10:00:00')"
Q1,caliente,193,0.112500,"(62, '2026-09-18 10:00:00', '2026-09-18 10:00:00')"
Q1,caliente,194,0.123500,"(41, '2026-09-18 10:00:00', '2026-09-18 10:00:00')"
Q1,caliente,195,0.125125,"(80, '2026-09-18 10:00:00', '2026-09-18 10:00:00')"
Q1,caliente,196,0.118792,"(142, '2026-09-18 10:00:00', '2026-09-18 10:00:00')"
Q1,caliente,197,0.124916,"(4, '2026-09-18 10:00:00', '2026-09-18 10:00:00')"
Q1,caliente,198,0.121417,"(142, '2026-09-18 10:00:00', '2026-09-18 10:00:00')"
Q1,caliente,199,0.117500,"(105, '2026-09-18 10:00:00', '2026-09-18 10:00:00')"
Q1,caliente,200,0.194541,"(24, '2026-09-18 10:00:00', '2026-09-18 10:00:00')"
Q2,caliente,1,0.370167,"(142, ['SKU-0000142', 'SKU-0015142', 'SKU-0030142', 'SKU-0045142', 'SKU-0060142', 'SKU-0075142', 'SKU-0090142', 'SKU-0105142', 'SKU-0120142', 'SKU-0135142', 'SKU-0150142', 'SKU-0165142', 'SKU-0180142', 'SKU-0195142', 'SKU-0210142', 'SKU-0225142', 'SKU-0240142', 'SKU-0255142', 'SKU-0270142', 'SKU-0285142'], '2026-09-18', '2026-09-18')"
Q2,caliente,2,0.182208,"(136, ['SKU-0000136', 'SKU-0015136', 'SKU-0030136', 'SKU-0045136', 'SKU-0060136', 'SKU-0075136', 'SKU-0090136', 'SKU-0105136', 'SKU-0120136', 'SKU-0135136', 'SKU-0150136', 'SKU-0165136', 'SKU-0180136', 'SKU-0195136', 'SKU-0210136', 'SKU-0225136', 'SKU-0240136', 'SKU-0255136', 'SKU-0270136', 'SKU-0285136'], '2026-09-18', '2026-09-18')"
Q2,caliente,3,0.249625,"(89, ['SKU-0000089', 'SKU-0015089', 'SKU-0030089', 'SKU-0045089', 'SKU-0060089', 'SKU-0075089', 'SKU-0090089', 'SKU-0105089', 'SKU-0120089', 'SKU-0135089', 'SKU-0150089', 'SKU-0165089', 'SKU-0180089', 'SKU-0195089', 'SKU-0210089', 'SKU-0225089', 'SKU-0240089', 'SKU-0255089', 'SKU-0270089', 'SKU-0285089'], '2026-09-18', '2026-09-18')"
Q2,caliente,4,0.188875,"(109, ['SKU-0000109', 'SKU-0015109', 'SKU-0030109', 'SKU-0045109', 'SKU-0060109', 'SKU-0075109', 'SKU-0090109', 'SKU-0105109', 'SKU-0120109', 'SKU-0135109', 'SKU-0150109', 'SKU-0165109', 'SKU-0180109', 'SKU-0195109', 'SKU-0210109', 'SKU-0225109', 'SKU-0240109', 'SKU-0255109', 'SKU-0270109', 'SKU-0285109'], '2026-09-18', '2026-09-18')"
Q2,caliente,5,0.162417,"(141, ['SKU-0000141', 'SKU-0015141', 'SKU-0030141', 'SKU-0045141', 'SKU-0060141', 'SKU-0075141', 'SKU-0090141', 'SKU-0105141', 'SKU-0120141', 'SKU-0135141', 'SKU-0150141', 'SKU-0165141', 'SKU-0180141', 'SKU-0195141', 'SKU-0210141', 'SKU-0225141', 'SKU-0240141', 'SKU-0255141', 'SKU-0270141', 'SKU-0285141'], '2026-09-18', '2026-09-18')"
Q2,caliente,6,0.195708,"(85, ['SKU-0000085', 'SKU-0015085', 'SKU-0030085', 'SKU-0045085', 'SKU-0060085', 'SKU-0075085', 'SKU-0090085', 'SKU-0105085', 'SKU-0120085', 'SKU-0135085', 'SKU-0150085', 'SKU-0165085', 'SKU-0180085', 'SKU-0195085', 'SKU-0210085', 'SKU-0225085', 'SKU-0240085', 'SKU-0255085', 'SKU-0270085', 'SKU-0285085'], '2026-09-18', '2026-09-18')"
Q2,caliente,7,0.152541,"(91, ['SKU-0000091', 'SKU-0015091', 'SKU-0030091', 'SKU-0045091', 'SKU-0060091', 'SKU-0075091', 'SKU-0090091', 'SKU-0105091', 'SKU-0120091', 'SKU-0135091', 'SKU-0150091', 'SKU-0165091', 'SKU-0180091', 'SKU-0195091', 'SKU-0210091', 'SKU-0225091', 'SKU-0240091', 'SKU-0255091', 'SKU-0270091', 'SKU-0285091'], '2026-09-18', '2026-09-18')"
Q2,caliente,8,0.152833,"(117, ['SKU-0000117', 'SKU-0015117', 'SKU-0030117', 'SKU-0045117', 'SKU-0060117', 'SKU-0075117', 'SKU-0090117', 'SKU-0105117', 'SKU-0120117', 'SKU-0135117', 'SKU-0150117', 'SKU-0165117', 'SKU-0180117', 'SKU-0195117', 'SKU-0210117', 'SKU-0225117', 'SKU-0240117', 'SKU-0255117', 'SKU-0270117', 'SKU-0285117'], '2026-09-18', '2026-09-18')"
Q2,caliente,9,0.175417,"(70, ['SKU-0000070', 'SKU-0015070', 'SKU-0030070', 'SKU-0045070', 'SKU-0060070', 'SKU-0075070', 'SKU-0090070', 'SKU-0105070', 'SKU-0120070', 'SKU-0135070', 'SKU-0150070', 'SKU-0165070', 'SKU-0180070', 'SKU-0195070', 'SKU-0210070', 'SKU-0225070', 'SKU-0240070', 'SKU-0255070', 'SKU-0270070', 'SKU-0285070'], '2026-09-18', '2026-09-18')"
Q2,caliente,10,0.153583,"(79, ['SKU-0000079', 'SKU-0015079', 'SKU-0030079', 'SKU-0045079', 'SKU-0060079', 'SKU-0075079', 'SKU-0090079', 'SKU-0105079', 'SKU-0120079', 'SKU-0135079', 'SKU-0150079', 'SKU-0165079', 'SKU-0180079', 'SKU-0195079', 'SKU-0210079', 'SKU-0225079', 'SKU-0240079', 'SKU-0255079', 'SKU-0270079', 'SKU-0285079'], '2026-09-18', '2026-09-18')"
Q2,caliente,11,0.174917,"(65, ['SKU-0000065', 'SKU-0015065', 'SKU-0030065', 'SKU-0045065', 'SKU-0060065', 'SKU-0075065', 'SKU-0090065', 'SKU-0105065', 'SKU-0120065', 'SKU-0135065', 'SKU-0150065', 'SKU-0165065', 'SKU-0180065', 'SKU-0195065', 'SKU-0210065', 'SKU-0225065', 'SKU-0240065', 'SKU-0255065', 'SKU-0270065', 'SKU-0285065'], '2026-09-18', '2026-09-18')"
Q2,caliente,12,0.151042,"(60, ['SKU-0000060', 'SKU-0015060', 'SKU-0030060', 'SKU-0045060', 'SKU-0060060', 'SKU-0075060', 'SKU-0090060', 'SKU-0105060', 'SKU-0120060', 'SKU-0135060', 'SKU-0150060', 'SKU-0165060', 'SKU-0180060', 'SKU-0195060', 'SKU-0210060', 'SKU-0225060', 'SKU-0240060', 'SKU-0255060', 'SKU-0270060', 'SKU-0285060'], '2026-09-18', '2026-09-18')"
Q2,caliente,13,0.167709,"(31, ['SKU-0000031', 'SKU-0015031', 'SKU-0030031', 'SKU-0045031', 'SKU-0060031', 'SKU-0075031', 'SKU-0090031', 'SKU-0105031', 'SKU-0120031', 'SKU-0135031', 'SKU-0150031', 'SKU-0165031', 'SKU-0180031', 'SKU-0195031', 'SKU-0210031', 'SKU-0225031', 'SKU-0240031', 'SKU-0255031', 'SKU-0270031', 'SKU-0285031'], '2026-09-18', '2026-09-18')"
Q2,caliente,14,0.165750,"(50, ['SKU-0000050', 'SKU-0015050', 'SKU-0030050', 'SKU-0045050', 'SKU-0060050', 'SKU-0075050', 'SKU-0090050', 'SKU-0105050', 'SKU-0120050', 'SKU-0135050', 'SKU-0150050', 'SKU-0165050', 'SKU-0180050', 'SKU-0195050', 'SKU-0210050', 'SKU-0225050', 'SKU-0240050', 'SKU-0255050', 'SKU-0270050', 'SKU-0285050'], '2026-09-18', '2026-09-18')"
Q2,caliente,15,0.157917,"(81, ['SKU-0000081', 'SKU-0015081', 'SKU-0030081', 'SKU-0045081', 'SKU-0060081', 'SKU-0075081', 'SKU-0090081', 'SKU-0105081', 'SKU-0120081', 'SKU-0135081', 'SKU-0150081', 'SKU-0165081', 'SKU-0180081', 'SKU-0195081', 'SKU-0210081', 'SKU-0225081', 'SKU-0240081', 'SKU-0255081', 'SKU-0270081', 'SKU-0285081'], '2026-09-18', '2026-09-18')"
Q2,caliente,16,0.162042,"(31, ['SKU-0000031', 'SKU-0015031', 'SKU-0030031', 'SKU-0045031', 'SKU-0060031', 'SKU-0075031', 'SKU-0090031', 'SKU-0105031', 'SKU-0120031', 'SKU-0135031', 'SKU-0150031', 'SKU-0165031', 'SKU-0180031', 'SKU-0195031', 'SKU-0210031', 'SKU-0225031', 'SKU-0240031', 'SKU-0255031', 'SKU-0270031', 'SKU-0285031'], '2026-09-18', '2026-09-18')"
Q2,caliente,17,0.179334,"(138, ['SKU-0000138', 'SKU-0015138', 'SKU-0030138', 'SKU-0045138', 'SKU-0060138', 'SKU-0075138', 'SKU-0090138', 'SKU-0105138', 'SKU-0120138', 'SKU-0135138', 'SKU-0150138', 'SKU-0165138', 'SKU-0180138', 'SKU-0195138', 'SKU-0210138', 'SKU-0225138', 'SKU-0240138', 'SKU-0255138', 'SKU-0270138', 'SKU-0285138'], '2026-09-18', '2026-09-18')"
Q2,caliente,18,0.165917,"(48, ['SKU-0000048', 'SKU-0015048', 'SKU-0030048', 'SKU-0045048', 'SKU-0060048', 'SKU-0075048', 'SKU-0090048', 'SKU-0105048', 'SKU-0120048', 'SKU-0135048', 'SKU-0150048', 'SKU-0165048', 'SKU-0180048', 'SKU-0195048', 'SKU-0210048', 'SKU-0225048', 'SKU-0240048', 'SKU-0255048', 'SKU-0270048', 'SKU-0285048'], '2026-09-18', '2026-09-18')"
Q2,caliente,19,0.172167,"(50, ['SKU-0000050', 'SKU-0015050', 'SKU-0030050', 'SKU-0045050', 'SKU-0060050', 'SKU-0075050', 'SKU-0090050', 'SKU-0105050', 'SKU-0120050', 'SKU-0135050', 'SKU-0150050', 'SKU-0165050', 'SKU-0180050', 'SKU-0195050', 'SKU-0210050', 'SKU-0225050', 'SKU-0240050', 'SKU-0255050', 'SKU-0270050', 'SKU-0285050'], '2026-09-18', '2026-09-18')"
Q2,caliente,20,0.159375,"(56, ['SKU-0000056', 'SKU-0015056', 'SKU-0030056', 'SKU-0045056', 'SKU-0060056', 'SKU-0075056', 'SKU-0090056', 'SKU-0105056', 'SKU-0120056', 'SKU-0135056', 'SKU-0150056', 'SKU-0165056', 'SKU-0180056', 'SKU-0195056', 'SKU-0210056', 'SKU-0225056', 'SKU-0240056', 'SKU-0255056', 'SKU-0270056', 'SKU-0285056'], '2026-09-18', '2026-09-18')"
Q2,caliente,21,0.154667,"(124, ['SKU-0000124', 'SKU-0015124', 'SKU-0030124', 'SKU-0045124', 'SKU-0060124', 'SKU-0075124', 'SKU-0090124', 'SKU-0105124', 'SKU-0120124', 'SKU-0135124', 'SKU-0150124', 'SKU-0165124', 'SKU-0180124', 'SKU-0195124', 'SKU-0210124', 'SKU-0225124', 'SKU-0240124', 'SKU-0255124', 'SKU-0270124', 'SKU-0285124'], '2026-09-18', '2026-09-18')"
Q2,caliente,22,0.166625,"(71, ['SKU-0000071', 'SKU-0015071', 'SKU-0030071', 'SKU-0045071', 'SKU-0060071', 'SKU-0075071', 'SKU-0090071', 'SKU-0105071', 'SKU-0120071', 'SKU-0135071', 'SKU-0150071', 'SKU-0165071', 'SKU-0180071', 'SKU-0195071', 'SKU-0210071', 'SKU-0225071', 'SKU-0240071', 'SKU-0255071', 'SKU-0270071', 'SKU-0285071'], '2026-09-18', '2026-09-18')"
Q2,caliente,23,0.158375,"(135, ['SKU-0000135', 'SKU-0015135', 'SKU-0030135', 'SKU-0045135', 'SKU-0060135', 'SKU-0075135', 'SKU-0090135', 'SKU-0105135', 'SKU-0120135', 'SKU-0135135', 'SKU-0150135', 'SKU-0165135', 'SKU-0180135', 'SKU-0195135', 'SKU-0210135', 'SKU-0225135', 'SKU-0240135', 'SKU-0255135', 'SKU-0270135', 'SKU-0285135'], '2026-09-18', '2026-09-18')"
Q2,caliente,24,0.158542,"(73, ['SKU-0000073', 'SKU-0015073', 'SKU-0030073', 'SKU-0045073', 'SKU-0060073', 'SKU-0075073', 'SKU-0090073', 'SKU-0105073', 'SKU-0120073', 'SKU-0135073', 'SKU-0150073', 'SKU-0165073', 'SKU-0180073', 'SKU-0195073', 'SKU-0210073', 'SKU-0225073', 'SKU-0240073', 'SKU-0255073', 'SKU-0270073', 'SKU-0285073'], '2026-09-18', '2026-09-18')"
Q2,caliente,25,0.163167,"(26, ['SKU-0000026', 'SKU-0015026', 'SKU-0030026', 'SKU-0045026', 'SKU-0060026', 'SKU-0075026', 'SKU-0090026', 'SKU-0105026', 'SKU-0120026', 'SKU-0135026', 'SKU-0150026', 'SKU-0165026', 'SKU-0180026', 'SKU-0195026', 'SKU-0210026', 'SKU-0225026', 'SKU-0240026', 'SKU-0255026', 'SKU-0270026', 'SKU-0285026'], '2026-09-18', '2026-09-18')"
Q2,caliente,26,0.174208,"(50, ['SKU-0000050', 'SKU-0015050', 'SKU-0030050', 'SKU-0045050', 'SKU-0060050', 'SKU-0075050', 'SKU-0090050', 'SKU-0105050', 'SKU-0120050', 'SKU-0135050', 'SKU-0150050', 'SKU-0165050', 'SKU-0180050', 'SKU-0195050', 'SKU-0210050', 'SKU-0225050', 'SKU-0240050', 'SKU-0255050', 'SKU-0270050', 'SKU-0285050'], '2026-09-18', '2026-09-18')"
Q2,caliente,27,0.164584,"(76, ['SKU-0000076', 'SKU-0015076', 'SKU-0030076', 'SKU-0045076', 'SKU-0060076', 'SKU-0075076', 'SKU-0090076', 'SKU-0105076', 'SKU-0120076', 'SKU-0135076', 'SKU-0150076', 'SKU-0165076', 'SKU-0180076', 'SKU-0195076', 'SKU-0210076', 'SKU-0225076', 'SKU-0240076', 'SKU-0255076', 'SKU-0270076', 'SKU-0285076'], '2026-09-18', '2026-09-18')"
Q2,caliente,28,0.154625,"(59, ['SKU-0000059', 'SKU-0015059', 'SKU-0030059', 'SKU-0045059', 'SKU-0060059', 'SKU-0075059', 'SKU-0090059', 'SKU-0105059', 'SKU-0120059', 'SKU-0135059', 'SKU-0150059', 'SKU-0165059', 'SKU-0180059', 'SKU-0195059', 'SKU-0210059', 'SKU-0225059', 'SKU-0240059', 'SKU-0255059', 'SKU-0270059', 'SKU-0285059'], '2026-09-18', '2026-09-18')"
Q2,caliente,29,0.154042,"(93, ['SKU-0000093', 'SKU-0015093', 'SKU-0030093', 'SKU-0045093', 'SKU-0060093', 'SKU-0075093', 'SKU-0090093', 'SKU-0105093', 'SKU-0120093', 'SKU-0135093', 'SKU-0150093', 'SKU-0165093', 'SKU-0180093', 'SKU-0195093', 'SKU-0210093', 'SKU-0225093', 'SKU-0240093', 'SKU-0255093', 'SKU-0270093', 'SKU-0285093'], '2026-09-18', '2026-09-18')"
Q2,caliente,30,0.157792,"(46, ['SKU-0000046', 'SKU-0015046', 'SKU-0030046', 'SKU-0045046', 'SKU-0060046', 'SKU-0075046', 'SKU-0090046', 'SKU-0105046', 'SKU-0120046', 'SKU-0135046', 'SKU-0150046', 'SKU-0165046', 'SKU-0180046', 'SKU-0195046', 'SKU-0210046', 'SKU-0225046', 'SKU-0240046', 'SKU-0255046', 'SKU-0270046', 'SKU-0285046'], '2026-09-18', '2026-09-18')"
Q2,caliente,31,0.155292,"(78, ['SKU-0000078', 'SKU-0015078', 'SKU-0030078', 'SKU-0045078', 'SKU-0060078', 'SKU-0075078', 'SKU-0090078', 'SKU-0105078', 'SKU-0120078', 'SKU-0135078', 'SKU-0150078', 'SKU-0165078', 'SKU-0180078', 'SKU-0195078', 'SKU-0210078', 'SKU-0225078', 'SKU-0240078', 'SKU-0255078', 'SKU-0270078', 'SKU-0285078'], '2026-09-18', '2026-09-18')"
Q2,caliente,32,0.159292,"(4, ['SKU-0000004', 'SKU-0015004', 'SKU-0030004', 'SKU-0045004', 'SKU-0060004', 'SKU-0075004', 'SKU-0090004', 'SKU-0105004', 'SKU-0120004', 'SKU-0135004', 'SKU-0150004', 'SKU-0165004', 'SKU-0180004', 'SKU-0195004', 'SKU-0210004', 'SKU-0225004', 'SKU-0240004', 'SKU-0255004', 'SKU-0270004', 'SKU-0285004'], '2026-09-18', '2026-09-18')"
Q2,caliente,33,0.151791,"(137, ['SKU-0000137', 'SKU-0015137', 'SKU-0030137', 'SKU-0045137', 'SKU-0060137', 'SKU-0075137', 'SKU-0090137', 'SKU-0105137', 'SKU-0120137', 'SKU-0135137', 'SKU-0150137', 'SKU-0165137', 'SKU-0180137', 'SKU-0195137', 'SKU-0210137', 'SKU-0225137', 'SKU-0240137', 'SKU-0255137', 'SKU-0270137', 'SKU-0285137'], '2026-09-18', '2026-09-18')"
Q2,caliente,34,0.154375,"(33, ['SKU-0000033', 'SKU-0015033', 'SKU-0030033', 'SKU-0045033', 'SKU-0060033', 'SKU-0075033', 'SKU-0090033', 'SKU-0105033', 'SKU-0120033', 'SKU-0135033', 'SKU-0150033', 'SKU-0165033', 'SKU-0180033', 'SKU-0195033', 'SKU-0210033', 'SKU-0225033', 'SKU-0240033', 'SKU-0255033', 'SKU-0270033', 'SKU-0285033'], '2026-09-18', '2026-09-18')"
Q2,caliente,35,0.166875,"(71, ['SKU-0000071', 'SKU-0015071', 'SKU-0030071', 'SKU-0045071', 'SKU-0060071', 'SKU-0075071', 'SKU-0090071', 'SKU-0105071', 'SKU-0120071', 'SKU-0135071', 'SKU-0150071', 'SKU-0165071', 'SKU-0180071', 'SKU-0195071', 'SKU-0210071', 'SKU-0225071', 'SKU-0240071', 'SKU-0255071', 'SKU-0270071', 'SKU-0285071'], '2026-09-18', '2026-09-18')"
Q2,caliente,36,0.176250,"(12, ['SKU-0000012', 'SKU-0015012', 'SKU-0030012', 'SKU-0045012', 'SKU-0060012', 'SKU-0075012', 'SKU-0090012', 'SKU-0105012', 'SKU-0120012', 'SKU-0135012', 'SKU-0150012', 'SKU-0165012', 'SKU-0180012', 'SKU-0195012', 'SKU-0210012', 'SKU-0225012', 'SKU-0240012', 'SKU-0255012', 'SKU-0270012', 'SKU-0285012'], '2026-09-18', '2026-09-18')"
Q2,caliente,37,0.165417,"(14, ['SKU-0000014', 'SKU-0015014', 'SKU-0030014', 'SKU-0045014', 'SKU-0060014', 'SKU-0075014', 'SKU-0090014', 'SKU-0105014', 'SKU-0120014', 'SKU-0135014', 'SKU-0150014', 'SKU-0165014', 'SKU-0180014', 'SKU-0195014', 'SKU-0210014', 'SKU-0225014', 'SKU-0240014', 'SKU-0255014', 'SKU-0270014', 'SKU-0285014'], '2026-09-18', '2026-09-18')"
Q2,caliente,38,0.151084,"(142, ['SKU-0000142', 'SKU-0015142', 'SKU-0030142', 'SKU-0045142', 'SKU-0060142', 'SKU-0075142', 'SKU-0090142', 'SKU-0105142', 'SKU-0120142', 'SKU-0135142', 'SKU-0150142', 'SKU-0165142', 'SKU-0180142', 'SKU-0195142', 'SKU-0210142', 'SKU-0225142', 'SKU-0240142', 'SKU-0255142', 'SKU-0270142', 'SKU-0285142'], '2026-09-18', '2026-09-18')"
Q2,caliente,39,0.149834,"(75, ['SKU-0000075', 'SKU-0015075', 'SKU-0030075', 'SKU-0045075', 'SKU-0060075', 'SKU-0075075', 'SKU-0090075', 'SKU-0105075', 'SKU-0120075', 'SKU-0135075', 'SKU-0150075', 'SKU-0165075', 'SKU-0180075', 'SKU-0195075', 'SKU-0210075', 'SKU-0225075', 'SKU-0240075', 'SKU-0255075', 'SKU-0270075', 'SKU-0285075'], '2026-09-18', '2026-09-18')"
Q2,caliente,40,0.160667,"(33, ['SKU-0000033', 'SKU-0015033', 'SKU-0030033', 'SKU-0045033', 'SKU-0060033', 'SKU-0075033', 'SKU-0090033', 'SKU-0105033', 'SKU-0120033', 'SKU-0135033', 'SKU-0150033', 'SKU-0165033', 'SKU-0180033', 'SKU-0195033', 'SKU-0210033', 'SKU-0225033', 'SKU-0240033', 'SKU-0255033', 'SKU-0270033', 'SKU-0285033'], '2026-09-18', '2026-09-18')"
Q2,caliente,41,0.174625,"(126, ['SKU-0000126', 'SKU-0015126', 'SKU-0030126', 'SKU-0045126', 'SKU-0060126', 'SKU-0075126', 'SKU-0090126', 'SKU-0105126', 'SKU-0120126', 'SKU-0135126', 'SKU-0150126', 'SKU-0165126', 'SKU-0180126', 'SKU-0195126', 'SKU-0210126', 'SKU-0225126', 'SKU-0240126', 'SKU-0255126', 'SKU-0270126', 'SKU-0285126'], '2026-09-18', '2026-09-18')"
Q2,caliente,42,0.160166,"(27, ['SKU-0000027', 'SKU-0015027', 'SKU-0030027', 'SKU-0045027', 'SKU-0060027', 'SKU-0075027', 'SKU-0090027', 'SKU-0105027', 'SKU-0120027', 'SKU-0135027', 'SKU-0150027', 'SKU-0165027', 'SKU-0180027', 'SKU-0195027', 'SKU-0210027', 'SKU-0225027', 'SKU-0240027', 'SKU-0255027', 'SKU-0270027', 'SKU-0285027'], '2026-09-18', '2026-09-18')"
Q2,caliente,43,0.160417,"(4, ['SKU-0000004', 'SKU-0015004', 'SKU-0030004', 'SKU-0045004', 'SKU-0060004', 'SKU-0075004', 'SKU-0090004', 'SKU-0105004', 'SKU-0120004', 'SKU-0135004', 'SKU-0150004', 'SKU-0165004', 'SKU-0180004', 'SKU-0195004', 'SKU-0210004', 'SKU-0225004', 'SKU-0240004', 'SKU-0255004', 'SKU-0270004', 'SKU-0285004'], '2026-09-18', '2026-09-18')"
Q2,caliente,44,0.163792,"(147, ['SKU-0000147', 'SKU-0015147', 'SKU-0030147', 'SKU-0045147', 'SKU-0060147', 'SKU-0075147', 'SKU-0090147', 'SKU-0105147', 'SKU-0120147', 'SKU-0135147', 'SKU-0150147', 'SKU-0165147', 'SKU-0180147', 'SKU-0195147', 'SKU-0210147', 'SKU-0225147', 'SKU-0240147', 'SKU-0255147', 'SKU-0270147', 'SKU-0285147'], '2026-09-18', '2026-09-18')"
Q2,caliente,45,0.164625,"(73, ['SKU-0000073', 'SKU-0015073', 'SKU-0030073', 'SKU-0045073', 'SKU-0060073', 'SKU-0075073', 'SKU-0090073', 'SKU-0105073', 'SKU-0120073', 'SKU-0135073', 'SKU-0150073', 'SKU-0165073', 'SKU-0180073', 'SKU-0195073', 'SKU-0210073', 'SKU-0225073', 'SKU-0240073', 'SKU-0255073', 'SKU-0270073', 'SKU-0285073'], '2026-09-18', '2026-09-18')"
Q2,caliente,46,0.163750,"(121, ['SKU-0000121', 'SKU-0015121', 'SKU-0030121', 'SKU-0045121', 'SKU-0060121', 'SKU-0075121', 'SKU-0090121', 'SKU-0105121', 'SKU-0120121', 'SKU-0135121', 'SKU-0150121', 'SKU-0165121', 'SKU-0180121', 'SKU-0195121', 'SKU-0210121', 'SKU-0225121', 'SKU-0240121', 'SKU-0255121', 'SKU-0270121', 'SKU-0285121'], '2026-09-18', '2026-09-18')"
Q2,caliente,47,0.169584,"(123, ['SKU-0000123', 'SKU-0015123', 'SKU-0030123', 'SKU-0045123', 'SKU-0060123', 'SKU-0075123', 'SKU-0090123', 'SKU-0105123', 'SKU-0120123', 'SKU-0135123', 'SKU-0150123', 'SKU-0165123', 'SKU-0180123', 'SKU-0195123', 'SKU-0210123', 'SKU-0225123', 'SKU-0240123', 'SKU-0255123', 'SKU-0270123', 'SKU-0285123'], '2026-09-18', '2026-09-18')"
Q2,caliente,48,0.156750,"(113, ['SKU-0000113', 'SKU-0015113', 'SKU-0030113', 'SKU-0045113', 'SKU-0060113', 'SKU-0075113', 'SKU-0090113', 'SKU-0105113', 'SKU-0120113', 'SKU-0135113', 'SKU-0150113', 'SKU-0165113', 'SKU-0180113', 'SKU-0195113', 'SKU-0210113', 'SKU-0225113', 'SKU-0240113', 'SKU-0255113', 'SKU-0270113', 'SKU-0285113'], '2026-09-18', '2026-09-18')"
Q2,caliente,49,0.162500,"(88, ['SKU-0000088', 'SKU-0015088', 'SKU-0030088', 'SKU-0045088', 'SKU-0060088', 'SKU-0075088', 'SKU-0090088', 'SKU-0105088', 'SKU-0120088', 'SKU-0135088', 'SKU-0150088', 'SKU-0165088', 'SKU-0180088', 'SKU-0195088', 'SKU-0210088', 'SKU-0225088', 'SKU-0240088', 'SKU-0255088', 'SKU-0270088', 'SKU-0285088'], '2026-09-18', '2026-09-18')"
Q2,caliente,50,0.160583,"(48, ['SKU-0000048', 'SKU-0015048', 'SKU-0030048', 'SKU-0045048', 'SKU-0060048', 'SKU-0075048', 'SKU-0090048', 'SKU-0105048', 'SKU-0120048', 'SKU-0135048', 'SKU-0150048', 'SKU-0165048', 'SKU-0180048', 'SKU-0195048', 'SKU-0210048', 'SKU-0225048', 'SKU-0240048', 'SKU-0255048', 'SKU-0270048', 'SKU-0285048'], '2026-09-18', '2026-09-18')"
Q2,caliente,51,0.163375,"(14, ['SKU-0000014', 'SKU-0015014', 'SKU-0030014', 'SKU-0045014', 'SKU-0060014', 'SKU-0075014', 'SKU-0090014', 'SKU-0105014', 'SKU-0120014', 'SKU-0135014', 'SKU-0150014', 'SKU-0165014', 'SKU-0180014', 'SKU-0195014', 'SKU-0210014', 'SKU-0225014', 'SKU-0240014', 'SKU-0255014', 'SKU-0270014', 'SKU-0285014'], '2026-09-18', '2026-09-18')"
Q2,caliente,52,0.162000,"(65, ['SKU-0000065', 'SKU-0015065', 'SKU-0030065', 'SKU-0045065', 'SKU-0060065', 'SKU-0075065', 'SKU-0090065', 'SKU-0105065', 'SKU-0120065', 'SKU-0135065', 'SKU-0150065', 'SKU-0165065', 'SKU-0180065', 'SKU-0195065', 'SKU-0210065', 'SKU-0225065', 'SKU-0240065', 'SKU-0255065', 'SKU-0270065', 'SKU-0285065'], '2026-09-18', '2026-09-18')"
Q2,caliente,53,0.161709,"(123, ['SKU-0000123', 'SKU-0015123', 'SKU-0030123', 'SKU-0045123', 'SKU-0060123', 'SKU-0075123', 'SKU-0090123', 'SKU-0105123', 'SKU-0120123', 'SKU-0135123', 'SKU-0150123', 'SKU-0165123', 'SKU-0180123', 'SKU-0195123', 'SKU-0210123', 'SKU-0225123', 'SKU-0240123', 'SKU-0255123', 'SKU-0270123', 'SKU-0285123'], '2026-09-18', '2026-09-18')"
Q2,caliente,54,0.162042,"(30, ['SKU-0000030', 'SKU-0015030', 'SKU-0030030', 'SKU-0045030', 'SKU-0060030', 'SKU-0075030', 'SKU-0090030', 'SKU-0105030', 'SKU-0120030', 'SKU-0135030', 'SKU-0150030', 'SKU-0165030', 'SKU-0180030', 'SKU-0195030', 'SKU-0210030', 'SKU-0225030', 'SKU-0240030', 'SKU-0255030', 'SKU-0270030', 'SKU-0285030'], '2026-09-18', '2026-09-18')"
Q2,caliente,55,0.159708,"(17, ['SKU-0000017', 'SKU-0015017', 'SKU-0030017', 'SKU-0045017', 'SKU-0060017', 'SKU-0075017', 'SKU-0090017', 'SKU-0105017', 'SKU-0120017', 'SKU-0135017', 'SKU-0150017', 'SKU-0165017', 'SKU-0180017', 'SKU-0195017', 'SKU-0210017', 'SKU-0225017', 'SKU-0240017', 'SKU-0255017', 'SKU-0270017', 'SKU-0285017'], '2026-09-18', '2026-09-18')"
Q2,caliente,56,0.156125,"(103, ['SKU-0000103', 'SKU-0015103', 'SKU-0030103', 'SKU-0045103', 'SKU-0060103', 'SKU-0075103', 'SKU-0090103', 'SKU-0105103', 'SKU-0120103', 'SKU-0135103', 'SKU-0150103', 'SKU-0165103', 'SKU-0180103', 'SKU-0195103', 'SKU-0210103', 'SKU-0225103', 'SKU-0240103', 'SKU-0255103', 'SKU-0270103', 'SKU-0285103'], '2026-09-18', '2026-09-18')"
Q2,caliente,57,0.159459,"(126, ['SKU-0000126', 'SKU-0015126', 'SKU-0030126', 'SKU-0045126', 'SKU-0060126', 'SKU-0075126', 'SKU-0090126', 'SKU-0105126', 'SKU-0120126', 'SKU-0135126', 'SKU-0150126', 'SKU-0165126', 'SKU-0180126', 'SKU-0195126', 'SKU-0210126', 'SKU-0225126', 'SKU-0240126', 'SKU-0255126', 'SKU-0270126', 'SKU-0285126'], '2026-09-18', '2026-09-18')"
Q2,caliente,58,0.155959,"(19, ['SKU-0000019', 'SKU-0015019', 'SKU-0030019', 'SKU-0045019', 'SKU-0060019', 'SKU-0075019', 'SKU-0090019', 'SKU-0105019', 'SKU-0120019', 'SKU-0135019', 'SKU-0150019', 'SKU-0165019', 'SKU-0180019', 'SKU-0195019', 'SKU-0210019', 'SKU-0225019', 'SKU-0240019', 'SKU-0255019', 'SKU-0270019', 'SKU-0285019'], '2026-09-18', '2026-09-18')"
Q2,caliente,59,0.165292,"(148, ['SKU-0000148', 'SKU-0015148', 'SKU-0030148', 'SKU-0045148', 'SKU-0060148', 'SKU-0075148', 'SKU-0090148', 'SKU-0105148', 'SKU-0120148', 'SKU-0135148', 'SKU-0150148', 'SKU-0165148', 'SKU-0180148', 'SKU-0195148', 'SKU-0210148', 'SKU-0225148', 'SKU-0240148', 'SKU-0255148', 'SKU-0270148', 'SKU-0285148'], '2026-09-18', '2026-09-18')"
Q2,caliente,60,0.158375,"(14, ['SKU-0000014', 'SKU-0015014', 'SKU-0030014', 'SKU-0045014', 'SKU-0060014', 'SKU-0075014', 'SKU-0090014', 'SKU-0105014', 'SKU-0120014', 'SKU-0135014', 'SKU-0150014', 'SKU-0165014', 'SKU-0180014', 'SKU-0195014', 'SKU-0210014', 'SKU-0225014', 'SKU-0240014', 'SKU-0255014', 'SKU-0270014', 'SKU-0285014'], '2026-09-18', '2026-09-18')"
Q2,caliente,61,0.156292,"(39, ['SKU-0000039', 'SKU-0015039', 'SKU-0030039', 'SKU-0045039', 'SKU-0060039', 'SKU-0075039', 'SKU-0090039', 'SKU-0105039', 'SKU-0120039', 'SKU-0135039', 'SKU-0150039', 'SKU-0165039', 'SKU-0180039', 'SKU-0195039', 'SKU-0210039', 'SKU-0225039', 'SKU-0240039', 'SKU-0255039', 'SKU-0270039', 'SKU-0285039'], '2026-09-18', '2026-09-18')"
Q2,caliente,62,0.165584,"(39, ['SKU-0000039', 'SKU-0015039', 'SKU-0030039', 'SKU-0045039', 'SKU-0060039', 'SKU-0075039', 'SKU-0090039', 'SKU-0105039', 'SKU-0120039', 'SKU-0135039', 'SKU-0150039', 'SKU-0165039', 'SKU-0180039', 'SKU-0195039', 'SKU-0210039', 'SKU-0225039', 'SKU-0240039', 'SKU-0255039', 'SKU-0270039', 'SKU-0285039'], '2026-09-18', '2026-09-18')"
Q2,caliente,63,0.158542,"(145, ['SKU-0000145', 'SKU-0015145', 'SKU-0030145', 'SKU-0045145', 'SKU-0060145', 'SKU-0075145', 'SKU-0090145', 'SKU-0105145', 'SKU-0120145', 'SKU-0135145', 'SKU-0150145', 'SKU-0165145', 'SKU-0180145', 'SKU-0195145', 'SKU-0210145', 'SKU-0225145', 'SKU-0240145', 'SKU-0255145', 'SKU-0270145', 'SKU-0285145'], '2026-09-18', '2026-09-18')"
Q2,caliente,64,0.165500,"(78, ['SKU-0000078', 'SKU-0015078', 'SKU-0030078', 'SKU-0045078', 'SKU-0060078', 'SKU-0075078', 'SKU-0090078', 'SKU-0105078', 'SKU-0120078', 'SKU-0135078', 'SKU-0150078', 'SKU-0165078', 'SKU-0180078', 'SKU-0195078', 'SKU-0210078', 'SKU-0225078', 'SKU-0240078', 'SKU-0255078', 'SKU-0270078', 'SKU-0285078'], '2026-09-18', '2026-09-18')"
Q2,caliente,65,0.165291,"(22, ['SKU-0000022', 'SKU-0015022', 'SKU-0030022', 'SKU-0045022', 'SKU-0060022', 'SKU-0075022', 'SKU-0090022', 'SKU-0105022', 'SKU-0120022', 'SKU-0135022', 'SKU-0150022', 'SKU-0165022', 'SKU-0180022', 'SKU-0195022', 'SKU-0210022', 'SKU-0225022', 'SKU-0240022', 'SKU-0255022', 'SKU-0270022', 'SKU-0285022'], '2026-09-18', '2026-09-18')"
Q2,caliente,66,0.164000,"(64, ['SKU-0000064', 'SKU-0015064', 'SKU-0030064', 'SKU-0045064', 'SKU-0060064', 'SKU-0075064', 'SKU-0090064', 'SKU-0105064', 'SKU-0120064', 'SKU-0135064', 'SKU-0150064', 'SKU-0165064', 'SKU-0180064', 'SKU-0195064', 'SKU-0210064', 'SKU-0225064', 'SKU-0240064', 'SKU-0255064', 'SKU-0270064', 'SKU-0285064'], '2026-09-18', '2026-09-18')"
Q2,caliente,67,0.157083,"(31, ['SKU-0000031', 'SKU-0015031', 'SKU-0030031', 'SKU-0045031', 'SKU-0060031', 'SKU-0075031', 'SKU-0090031', 'SKU-0105031', 'SKU-0120031', 'SKU-0135031', 'SKU-0150031', 'SKU-0165031', 'SKU-0180031', 'SKU-0195031', 'SKU-0210031', 'SKU-0225031', 'SKU-0240031', 'SKU-0255031', 'SKU-0270031', 'SKU-0285031'], '2026-09-18', '2026-09-18')"
Q2,caliente,68,0.157833,"(143, ['SKU-0000143', 'SKU-0015143', 'SKU-0030143', 'SKU-0045143', 'SKU-0060143', 'SKU-0075143', 'SKU-0090143', 'SKU-0105143', 'SKU-0120143', 'SKU-0135143', 'SKU-0150143', 'SKU-0165143', 'SKU-0180143', 'SKU-0195143', 'SKU-0210143', 'SKU-0225143', 'SKU-0240143', 'SKU-0255143', 'SKU-0270143', 'SKU-0285143'], '2026-09-18', '2026-09-18')"
Q2,caliente,69,0.171292,"(107, ['SKU-0000107', 'SKU-0015107', 'SKU-0030107', 'SKU-0045107', 'SKU-0060107', 'SKU-0075107', 'SKU-0090107', 'SKU-0105107', 'SKU-0120107', 'SKU-0135107', 'SKU-0150107', 'SKU-0165107', 'SKU-0180107', 'SKU-0195107', 'SKU-0210107', 'SKU-0225107', 'SKU-0240107', 'SKU-0255107', 'SKU-0270107', 'SKU-0285107'], '2026-09-18', '2026-09-18')"
Q2,caliente,70,0.153125,"(58, ['SKU-0000058', 'SKU-0015058', 'SKU-0030058', 'SKU-0045058', 'SKU-0060058', 'SKU-0075058', 'SKU-0090058', 'SKU-0105058', 'SKU-0120058', 'SKU-0135058', 'SKU-0150058', 'SKU-0165058', 'SKU-0180058', 'SKU-0195058', 'SKU-0210058', 'SKU-0225058', 'SKU-0240058', 'SKU-0255058', 'SKU-0270058', 'SKU-0285058'], '2026-09-18', '2026-09-18')"
Q2,caliente,71,0.157250,"(134, ['SKU-0000134', 'SKU-0015134', 'SKU-0030134', 'SKU-0045134', 'SKU-0060134', 'SKU-0075134', 'SKU-0090134', 'SKU-0105134', 'SKU-0120134', 'SKU-0135134', 'SKU-0150134', 'SKU-0165134', 'SKU-0180134', 'SKU-0195134', 'SKU-0210134', 'SKU-0225134', 'SKU-0240134', 'SKU-0255134', 'SKU-0270134', 'SKU-0285134'], '2026-09-18', '2026-09-18')"
Q2,caliente,72,0.177333,"(98, ['SKU-0000098', 'SKU-0015098', 'SKU-0030098', 'SKU-0045098', 'SKU-0060098', 'SKU-0075098', 'SKU-0090098', 'SKU-0105098', 'SKU-0120098', 'SKU-0135098', 'SKU-0150098', 'SKU-0165098', 'SKU-0180098', 'SKU-0195098', 'SKU-0210098', 'SKU-0225098', 'SKU-0240098', 'SKU-0255098', 'SKU-0270098', 'SKU-0285098'], '2026-09-18', '2026-09-18')"
Q2,caliente,73,0.166416,"(116, ['SKU-0000116', 'SKU-0015116', 'SKU-0030116', 'SKU-0045116', 'SKU-0060116', 'SKU-0075116', 'SKU-0090116', 'SKU-0105116', 'SKU-0120116', 'SKU-0135116', 'SKU-0150116', 'SKU-0165116', 'SKU-0180116', 'SKU-0195116', 'SKU-0210116', 'SKU-0225116', 'SKU-0240116', 'SKU-0255116', 'SKU-0270116', 'SKU-0285116'], '2026-09-18', '2026-09-18')"
Q2,caliente,74,0.160333,"(114, ['SKU-0000114', 'SKU-0015114', 'SKU-0030114', 'SKU-0045114', 'SKU-0060114', 'SKU-0075114', 'SKU-0090114', 'SKU-0105114', 'SKU-0120114', 'SKU-0135114', 'SKU-0150114', 'SKU-0165114', 'SKU-0180114', 'SKU-0195114', 'SKU-0210114', 'SKU-0225114', 'SKU-0240114', 'SKU-0255114', 'SKU-0270114', 'SKU-0285114'], '2026-09-18', '2026-09-18')"
Q2,caliente,75,0.158083,"(77, ['SKU-0000077', 'SKU-0015077', 'SKU-0030077', 'SKU-0045077', 'SKU-0060077', 'SKU-0075077', 'SKU-0090077', 'SKU-0105077', 'SKU-0120077', 'SKU-0135077', 'SKU-0150077', 'SKU-0165077', 'SKU-0180077', 'SKU-0195077', 'SKU-0210077', 'SKU-0225077', 'SKU-0240077', 'SKU-0255077', 'SKU-0270077', 'SKU-0285077'], '2026-09-18', '2026-09-18')"
Q2,caliente,76,0.162875,"(110, ['SKU-0000110', 'SKU-0015110', 'SKU-0030110', 'SKU-0045110', 'SKU-0060110', 'SKU-0075110', 'SKU-0090110', 'SKU-0105110', 'SKU-0120110', 'SKU-0135110', 'SKU-0150110', 'SKU-0165110', 'SKU-0180110', 'SKU-0195110', 'SKU-0210110', 'SKU-0225110', 'SKU-0240110', 'SKU-0255110', 'SKU-0270110', 'SKU-0285110'], '2026-09-18', '2026-09-18')"
Q2,caliente,77,0.159000,"(79, ['SKU-0000079', 'SKU-0015079', 'SKU-0030079', 'SKU-0045079', 'SKU-0060079', 'SKU-0075079', 'SKU-0090079', 'SKU-0105079', 'SKU-0120079', 'SKU-0135079', 'SKU-0150079', 'SKU-0165079', 'SKU-0180079', 'SKU-0195079', 'SKU-0210079', 'SKU-0225079', 'SKU-0240079', 'SKU-0255079', 'SKU-0270079', 'SKU-0285079'], '2026-09-18', '2026-09-18')"
Q2,caliente,78,0.165250,"(146, ['SKU-0000146', 'SKU-0015146', 'SKU-0030146', 'SKU-0045146', 'SKU-0060146', 'SKU-0075146', 'SKU-0090146', 'SKU-0105146', 'SKU-0120146', 'SKU-0135146', 'SKU-0150146', 'SKU-0165146', 'SKU-0180146', 'SKU-0195146', 'SKU-0210146', 'SKU-0225146', 'SKU-0240146', 'SKU-0255146', 'SKU-0270146', 'SKU-0285146'], '2026-09-18', '2026-09-18')"
Q2,caliente,79,0.161792,"(16, ['SKU-0000016', 'SKU-0015016', 'SKU-0030016', 'SKU-0045016', 'SKU-0060016', 'SKU-0075016', 'SKU-0090016', 'SKU-0105016', 'SKU-0120016', 'SKU-0135016', 'SKU-0150016', 'SKU-0165016', 'SKU-0180016', 'SKU-0195016', 'SKU-0210016', 'SKU-0225016', 'SKU-0240016', 'SKU-0255016', 'SKU-0270016', 'SKU-0285016'], '2026-09-18', '2026-09-18')"
Q2,caliente,80,0.160834,"(26, ['SKU-0000026', 'SKU-0015026', 'SKU-0030026', 'SKU-0045026', 'SKU-0060026', 'SKU-0075026', 'SKU-0090026', 'SKU-0105026', 'SKU-0120026', 'SKU-0135026', 'SKU-0150026', 'SKU-0165026', 'SKU-0180026', 'SKU-0195026', 'SKU-0210026', 'SKU-0225026', 'SKU-0240026', 'SKU-0255026', 'SKU-0270026', 'SKU-0285026'], '2026-09-18', '2026-09-18')"
Q2,caliente,81,0.164458,"(54, ['SKU-0000054', 'SKU-0015054', 'SKU-0030054', 'SKU-0045054', 'SKU-0060054', 'SKU-0075054', 'SKU-0090054', 'SKU-0105054', 'SKU-0120054', 'SKU-0135054', 'SKU-0150054', 'SKU-0165054', 'SKU-0180054', 'SKU-0195054', 'SKU-0210054', 'SKU-0225054', 'SKU-0240054', 'SKU-0255054', 'SKU-0270054', 'SKU-0285054'], '2026-09-18', '2026-09-18')"
Q2,caliente,82,0.156167,"(55, ['SKU-0000055', 'SKU-0015055', 'SKU-0030055', 'SKU-0045055', 'SKU-0060055', 'SKU-0075055', 'SKU-0090055', 'SKU-0105055', 'SKU-0120055', 'SKU-0135055', 'SKU-0150055', 'SKU-0165055', 'SKU-0180055', 'SKU-0195055', 'SKU-0210055', 'SKU-0225055', 'SKU-0240055', 'SKU-0255055', 'SKU-0270055', 'SKU-0285055'], '2026-09-18', '2026-09-18')"
Q2,caliente,83,0.172375,"(68, ['SKU-0000068', 'SKU-0015068', 'SKU-0030068', 'SKU-0045068', 'SKU-0060068', 'SKU-0075068', 'SKU-0090068', 'SKU-0105068', 'SKU-0120068', 'SKU-0135068', 'SKU-0150068', 'SKU-0165068', 'SKU-0180068', 'SKU-0195068', 'SKU-0210068', 'SKU-0225068', 'SKU-0240068', 'SKU-0255068', 'SKU-0270068', 'SKU-0285068'], '2026-09-18', '2026-09-18')"
Q2,caliente,84,0.158084,"(21, ['SKU-0000021', 'SKU-0015021', 'SKU-0030021', 'SKU-0045021', 'SKU-0060021', 'SKU-0075021', 'SKU-0090021', 'SKU-0105021', 'SKU-0120021', 'SKU-0135021', 'SKU-0150021', 'SKU-0165021', 'SKU-0180021', 'SKU-0195021', 'SKU-0210021', 'SKU-0225021', 'SKU-0240021', 'SKU-0255021', 'SKU-0270021', 'SKU-0285021'], '2026-09-18', '2026-09-18')"
Q2,caliente,85,0.159459,"(41, ['SKU-0000041', 'SKU-0015041', 'SKU-0030041', 'SKU-0045041', 'SKU-0060041', 'SKU-0075041', 'SKU-0090041', 'SKU-0105041', 'SKU-0120041', 'SKU-0135041', 'SKU-0150041', 'SKU-0165041', 'SKU-0180041', 'SKU-0195041', 'SKU-0210041', 'SKU-0225041', 'SKU-0240041', 'SKU-0255041', 'SKU-0270041', 'SKU-0285041'], '2026-09-18', '2026-09-18')"
Q2,caliente,86,0.150958,"(62, ['SKU-0000062', 'SKU-0015062', 'SKU-0030062', 'SKU-0045062', 'SKU-0060062', 'SKU-0075062', 'SKU-0090062', 'SKU-0105062', 'SKU-0120062', 'SKU-0135062', 'SKU-0150062', 'SKU-0165062', 'SKU-0180062', 'SKU-0195062', 'SKU-0210062', 'SKU-0225062', 'SKU-0240062', 'SKU-0255062', 'SKU-0270062', 'SKU-0285062'], '2026-09-18', '2026-09-18')"
Q2,caliente,87,0.163958,"(45, ['SKU-0000045', 'SKU-0015045', 'SKU-0030045', 'SKU-0045045', 'SKU-0060045', 'SKU-0075045', 'SKU-0090045', 'SKU-0105045', 'SKU-0120045', 'SKU-0135045', 'SKU-0150045', 'SKU-0165045', 'SKU-0180045', 'SKU-0195045', 'SKU-0210045', 'SKU-0225045', 'SKU-0240045', 'SKU-0255045', 'SKU-0270045', 'SKU-0285045'], '2026-09-18', '2026-09-18')"
Q2,caliente,88,0.148583,"(142, ['SKU-0000142', 'SKU-0015142', 'SKU-0030142', 'SKU-0045142', 'SKU-0060142', 'SKU-0075142', 'SKU-0090142', 'SKU-0105142', 'SKU-0120142', 'SKU-0135142', 'SKU-0150142', 'SKU-0165142', 'SKU-0180142', 'SKU-0195142', 'SKU-0210142', 'SKU-0225142', 'SKU-0240142', 'SKU-0255142', 'SKU-0270142', 'SKU-0285142'], '2026-09-18', '2026-09-18')"
Q2,caliente,89,0.152959,"(20, ['SKU-0000020', 'SKU-0015020', 'SKU-0030020', 'SKU-0045020', 'SKU-0060020', 'SKU-0075020', 'SKU-0090020', 'SKU-0105020', 'SKU-0120020', 'SKU-0135020', 'SKU-0150020', 'SKU-0165020', 'SKU-0180020', 'SKU-0195020', 'SKU-0210020', 'SKU-0225020', 'SKU-0240020', 'SKU-0255020', 'SKU-0270020', 'SKU-0285020'], '2026-09-18', '2026-09-18')"
Q2,caliente,90,0.166333,"(41, ['SKU-0000041', 'SKU-0015041', 'SKU-0030041', 'SKU-0045041', 'SKU-0060041', 'SKU-0075041', 'SKU-0090041', 'SKU-0105041', 'SKU-0120041', 'SKU-0135041', 'SKU-0150041', 'SKU-0165041', 'SKU-0180041', 'SKU-0195041', 'SKU-0210041', 'SKU-0225041', 'SKU-0240041', 'SKU-0255041', 'SKU-0270041', 'SKU-0285041'], '2026-09-18', '2026-09-18')"
Q2,caliente,91,0.151584,"(3, ['SKU-0000003', 'SKU-0015003', 'SKU-0030003', 'SKU-0045003', 'SKU-0060003', 'SKU-0075003', 'SKU-0090003', 'SKU-0105003', 'SKU-0120003', 'SKU-0135003', 'SKU-0150003', 'SKU-0165003', 'SKU-0180003', 'SKU-0195003', 'SKU-0210003', 'SKU-0225003', 'SKU-0240003', 'SKU-0255003', 'SKU-0270003', 'SKU-0285003'], '2026-09-18', '2026-09-18')"
Q2,caliente,92,0.147917,"(105, ['SKU-0000105', 'SKU-0015105', 'SKU-0030105', 'SKU-0045105', 'SKU-0060105', 'SKU-0075105', 'SKU-0090105', 'SKU-0105105', 'SKU-0120105', 'SKU-0135105', 'SKU-0150105', 'SKU-0165105', 'SKU-0180105', 'SKU-0195105', 'SKU-0210105', 'SKU-0225105', 'SKU-0240105', 'SKU-0255105', 'SKU-0270105', 'SKU-0285105'], '2026-09-18', '2026-09-18')"
Q2,caliente,93,0.154875,"(116, ['SKU-0000116', 'SKU-0015116', 'SKU-0030116', 'SKU-0045116', 'SKU-0060116', 'SKU-0075116', 'SKU-0090116', 'SKU-0105116', 'SKU-0120116', 'SKU-0135116', 'SKU-0150116', 'SKU-0165116', 'SKU-0180116', 'SKU-0195116', 'SKU-0210116', 'SKU-0225116', 'SKU-0240116', 'SKU-0255116', 'SKU-0270116', 'SKU-0285116'], '2026-09-18', '2026-09-18')"
Q2,caliente,94,0.161209,"(121, ['SKU-0000121', 'SKU-0015121', 'SKU-0030121', 'SKU-0045121', 'SKU-0060121', 'SKU-0075121', 'SKU-0090121', 'SKU-0105121', 'SKU-0120121', 'SKU-0135121', 'SKU-0150121', 'SKU-0165121', 'SKU-0180121', 'SKU-0195121', 'SKU-0210121', 'SKU-0225121', 'SKU-0240121', 'SKU-0255121', 'SKU-0270121', 'SKU-0285121'], '2026-09-18', '2026-09-18')"
Q2,caliente,95,0.152625,"(75, ['SKU-0000075', 'SKU-0015075', 'SKU-0030075', 'SKU-0045075', 'SKU-0060075', 'SKU-0075075', 'SKU-0090075', 'SKU-0105075', 'SKU-0120075', 'SKU-0135075', 'SKU-0150075', 'SKU-0165075', 'SKU-0180075', 'SKU-0195075', 'SKU-0210075', 'SKU-0225075', 'SKU-0240075', 'SKU-0255075', 'SKU-0270075', 'SKU-0285075'], '2026-09-18', '2026-09-18')"
Q2,caliente,96,0.149625,"(9, ['SKU-0000009', 'SKU-0015009', 'SKU-0030009', 'SKU-0045009', 'SKU-0060009', 'SKU-0075009', 'SKU-0090009', 'SKU-0105009', 'SKU-0120009', 'SKU-0135009', 'SKU-0150009', 'SKU-0165009', 'SKU-0180009', 'SKU-0195009', 'SKU-0210009', 'SKU-0225009', 'SKU-0240009', 'SKU-0255009', 'SKU-0270009', 'SKU-0285009'], '2026-09-18', '2026-09-18')"
Q2,caliente,97,0.161292,"(60, ['SKU-0000060', 'SKU-0015060', 'SKU-0030060', 'SKU-0045060', 'SKU-0060060', 'SKU-0075060', 'SKU-0090060', 'SKU-0105060', 'SKU-0120060', 'SKU-0135060', 'SKU-0150060', 'SKU-0165060', 'SKU-0180060', 'SKU-0195060', 'SKU-0210060', 'SKU-0225060', 'SKU-0240060', 'SKU-0255060', 'SKU-0270060', 'SKU-0285060'], '2026-09-18', '2026-09-18')"
Q2,caliente,98,0.163083,"(74, ['SKU-0000074', 'SKU-0015074', 'SKU-0030074', 'SKU-0045074', 'SKU-0060074', 'SKU-0075074', 'SKU-0090074', 'SKU-0105074', 'SKU-0120074', 'SKU-0135074', 'SKU-0150074', 'SKU-0165074', 'SKU-0180074', 'SKU-0195074', 'SKU-0210074', 'SKU-0225074', 'SKU-0240074', 'SKU-0255074', 'SKU-0270074', 'SKU-0285074'], '2026-09-18', '2026-09-18')"
Q2,caliente,99,0.161417,"(73, ['SKU-0000073', 'SKU-0015073', 'SKU-0030073', 'SKU-0045073', 'SKU-0060073', 'SKU-0075073', 'SKU-0090073', 'SKU-0105073', 'SKU-0120073', 'SKU-0135073', 'SKU-0150073', 'SKU-0165073', 'SKU-0180073', 'SKU-0195073', 'SKU-0210073', 'SKU-0225073', 'SKU-0240073', 'SKU-0255073', 'SKU-0270073', 'SKU-0285073'], '2026-09-18', '2026-09-18')"
Q2,caliente,100,0.156667,"(117, ['SKU-0000117', 'SKU-0015117', 'SKU-0030117', 'SKU-0045117', 'SKU-0060117', 'SKU-0075117', 'SKU-0090117', 'SKU-0105117', 'SKU-0120117', 'SKU-0135117', 'SKU-0150117', 'SKU-0165117', 'SKU-0180117', 'SKU-0195117', 'SKU-0210117', 'SKU-0225117', 'SKU-0240117', 'SKU-0255117', 'SKU-0270117', 'SKU-0285117'], '2026-09-18', '2026-09-18')"
Q2,caliente,101,0.151875,"(19, ['SKU-0000019', 'SKU-0015019', 'SKU-0030019', 'SKU-0045019', 'SKU-0060019', 'SKU-0075019', 'SKU-0090019', 'SKU-0105019', 'SKU-0120019', 'SKU-0135019', 'SKU-0150019', 'SKU-0165019', 'SKU-0180019', 'SKU-0195019', 'SKU-0210019', 'SKU-0225019', 'SKU-0240019', 'SKU-0255019', 'SKU-0270019', 'SKU-0285019'], '2026-09-18', '2026-09-18')"
Q2,caliente,102,0.171334,"(60, ['SKU-0000060', 'SKU-0015060', 'SKU-0030060', 'SKU-0045060', 'SKU-0060060', 'SKU-0075060', 'SKU-0090060', 'SKU-0105060', 'SKU-0120060', 'SKU-0135060', 'SKU-0150060', 'SKU-0165060', 'SKU-0180060', 'SKU-0195060', 'SKU-0210060', 'SKU-0225060', 'SKU-0240060', 'SKU-0255060', 'SKU-0270060', 'SKU-0285060'], '2026-09-18', '2026-09-18')"
Q2,caliente,103,0.157291,"(68, ['SKU-0000068', 'SKU-0015068', 'SKU-0030068', 'SKU-0045068', 'SKU-0060068', 'SKU-0075068', 'SKU-0090068', 'SKU-0105068', 'SKU-0120068', 'SKU-0135068', 'SKU-0150068', 'SKU-0165068', 'SKU-0180068', 'SKU-0195068', 'SKU-0210068', 'SKU-0225068', 'SKU-0240068', 'SKU-0255068', 'SKU-0270068', 'SKU-0285068'], '2026-09-18', '2026-09-18')"
Q2,caliente,104,0.167084,"(51, ['SKU-0000051', 'SKU-0015051', 'SKU-0030051', 'SKU-0045051', 'SKU-0060051', 'SKU-0075051', 'SKU-0090051', 'SKU-0105051', 'SKU-0120051', 'SKU-0135051', 'SKU-0150051', 'SKU-0165051', 'SKU-0180051', 'SKU-0195051', 'SKU-0210051', 'SKU-0225051', 'SKU-0240051', 'SKU-0255051', 'SKU-0270051', 'SKU-0285051'], '2026-09-18', '2026-09-18')"
Q2,caliente,105,0.160709,"(109, ['SKU-0000109', 'SKU-0015109', 'SKU-0030109', 'SKU-0045109', 'SKU-0060109', 'SKU-0075109', 'SKU-0090109', 'SKU-0105109', 'SKU-0120109', 'SKU-0135109', 'SKU-0150109', 'SKU-0165109', 'SKU-0180109', 'SKU-0195109', 'SKU-0210109', 'SKU-0225109', 'SKU-0240109', 'SKU-0255109', 'SKU-0270109', 'SKU-0285109'], '2026-09-18', '2026-09-18')"
Q2,caliente,106,0.166791,"(30, ['SKU-0000030', 'SKU-0015030', 'SKU-0030030', 'SKU-0045030', 'SKU-0060030', 'SKU-0075030', 'SKU-0090030', 'SKU-0105030', 'SKU-0120030', 'SKU-0135030', 'SKU-0150030', 'SKU-0165030', 'SKU-0180030', 'SKU-0195030', 'SKU-0210030', 'SKU-0225030', 'SKU-0240030', 'SKU-0255030', 'SKU-0270030', 'SKU-0285030'], '2026-09-18', '2026-09-18')"
Q2,caliente,107,0.167291,"(140, ['SKU-0000140', 'SKU-0015140', 'SKU-0030140', 'SKU-0045140', 'SKU-0060140', 'SKU-0075140', 'SKU-0090140', 'SKU-0105140', 'SKU-0120140', 'SKU-0135140', 'SKU-0150140', 'SKU-0165140', 'SKU-0180140', 'SKU-0195140', 'SKU-0210140', 'SKU-0225140', 'SKU-0240140', 'SKU-0255140', 'SKU-0270140', 'SKU-0285140'], '2026-09-18', '2026-09-18')"
Q2,caliente,108,0.158625,"(58, ['SKU-0000058', 'SKU-0015058', 'SKU-0030058', 'SKU-0045058', 'SKU-0060058', 'SKU-0075058', 'SKU-0090058', 'SKU-0105058', 'SKU-0120058', 'SKU-0135058', 'SKU-0150058', 'SKU-0165058', 'SKU-0180058', 'SKU-0195058', 'SKU-0210058', 'SKU-0225058', 'SKU-0240058', 'SKU-0255058', 'SKU-0270058', 'SKU-0285058'], '2026-09-18', '2026-09-18')"
Q2,caliente,109,0.157417,"(39, ['SKU-0000039', 'SKU-0015039', 'SKU-0030039', 'SKU-0045039', 'SKU-0060039', 'SKU-0075039', 'SKU-0090039', 'SKU-0105039', 'SKU-0120039', 'SKU-0135039', 'SKU-0150039', 'SKU-0165039', 'SKU-0180039', 'SKU-0195039', 'SKU-0210039', 'SKU-0225039', 'SKU-0240039', 'SKU-0255039', 'SKU-0270039', 'SKU-0285039'], '2026-09-18', '2026-09-18')"
Q2,caliente,110,0.157541,"(69, ['SKU-0000069', 'SKU-0015069', 'SKU-0030069', 'SKU-0045069', 'SKU-0060069', 'SKU-0075069', 'SKU-0090069', 'SKU-0105069', 'SKU-0120069', 'SKU-0135069', 'SKU-0150069', 'SKU-0165069', 'SKU-0180069', 'SKU-0195069', 'SKU-0210069', 'SKU-0225069', 'SKU-0240069', 'SKU-0255069', 'SKU-0270069', 'SKU-0285069'], '2026-09-18', '2026-09-18')"
Q2,caliente,111,0.157250,"(37, ['SKU-0000037', 'SKU-0015037', 'SKU-0030037', 'SKU-0045037', 'SKU-0060037', 'SKU-0075037', 'SKU-0090037', 'SKU-0105037', 'SKU-0120037', 'SKU-0135037', 'SKU-0150037', 'SKU-0165037', 'SKU-0180037', 'SKU-0195037', 'SKU-0210037', 'SKU-0225037', 'SKU-0240037', 'SKU-0255037', 'SKU-0270037', 'SKU-0285037'], '2026-09-18', '2026-09-18')"
Q2,caliente,112,0.168458,"(19, ['SKU-0000019', 'SKU-0015019', 'SKU-0030019', 'SKU-0045019', 'SKU-0060019', 'SKU-0075019', 'SKU-0090019', 'SKU-0105019', 'SKU-0120019', 'SKU-0135019', 'SKU-0150019', 'SKU-0165019', 'SKU-0180019', 'SKU-0195019', 'SKU-0210019', 'SKU-0225019', 'SKU-0240019', 'SKU-0255019', 'SKU-0270019', 'SKU-0285019'], '2026-09-18', '2026-09-18')"
Q2,caliente,113,0.157958,"(16, ['SKU-0000016', 'SKU-0015016', 'SKU-0030016', 'SKU-0045016', 'SKU-0060016', 'SKU-0075016', 'SKU-0090016', 'SKU-0105016', 'SKU-0120016', 'SKU-0135016', 'SKU-0150016', 'SKU-0165016', 'SKU-0180016', 'SKU-0195016', 'SKU-0210016', 'SKU-0225016', 'SKU-0240016', 'SKU-0255016', 'SKU-0270016', 'SKU-0285016'], '2026-09-18', '2026-09-18')"
Q2,caliente,114,0.157125,"(43, ['SKU-0000043', 'SKU-0015043', 'SKU-0030043', 'SKU-0045043', 'SKU-0060043', 'SKU-0075043', 'SKU-0090043', 'SKU-0105043', 'SKU-0120043', 'SKU-0135043', 'SKU-0150043', 'SKU-0165043', 'SKU-0180043', 'SKU-0195043', 'SKU-0210043', 'SKU-0225043', 'SKU-0240043', 'SKU-0255043', 'SKU-0270043', 'SKU-0285043'], '2026-09-18', '2026-09-18')"
Q2,caliente,115,0.161250,"(79, ['SKU-0000079', 'SKU-0015079', 'SKU-0030079', 'SKU-0045079', 'SKU-0060079', 'SKU-0075079', 'SKU-0090079', 'SKU-0105079', 'SKU-0120079', 'SKU-0135079', 'SKU-0150079', 'SKU-0165079', 'SKU-0180079', 'SKU-0195079', 'SKU-0210079', 'SKU-0225079', 'SKU-0240079', 'SKU-0255079', 'SKU-0270079', 'SKU-0285079'], '2026-09-18', '2026-09-18')"
Q2,caliente,116,0.153875,"(146, ['SKU-0000146', 'SKU-0015146', 'SKU-0030146', 'SKU-0045146', 'SKU-0060146', 'SKU-0075146', 'SKU-0090146', 'SKU-0105146', 'SKU-0120146', 'SKU-0135146', 'SKU-0150146', 'SKU-0165146', 'SKU-0180146', 'SKU-0195146', 'SKU-0210146', 'SKU-0225146', 'SKU-0240146', 'SKU-0255146', 'SKU-0270146', 'SKU-0285146'], '2026-09-18', '2026-09-18')"
Q2,caliente,117,0.157292,"(74, ['SKU-0000074', 'SKU-0015074', 'SKU-0030074', 'SKU-0045074', 'SKU-0060074', 'SKU-0075074', 'SKU-0090074', 'SKU-0105074', 'SKU-0120074', 'SKU-0135074', 'SKU-0150074', 'SKU-0165074', 'SKU-0180074', 'SKU-0195074', 'SKU-0210074', 'SKU-0225074', 'SKU-0240074', 'SKU-0255074', 'SKU-0270074', 'SKU-0285074'], '2026-09-18', '2026-09-18')"
Q2,caliente,118,0.160834,"(113, ['SKU-0000113', 'SKU-0015113', 'SKU-0030113', 'SKU-0045113', 'SKU-0060113', 'SKU-0075113', 'SKU-0090113', 'SKU-0105113', 'SKU-0120113', 'SKU-0135113', 'SKU-0150113', 'SKU-0165113', 'SKU-0180113', 'SKU-0195113', 'SKU-0210113', 'SKU-0225113', 'SKU-0240113', 'SKU-0255113', 'SKU-0270113', 'SKU-0285113'], '2026-09-18', '2026-09-18')"
Q2,caliente,119,0.168375,"(32, ['SKU-0000032', 'SKU-0015032', 'SKU-0030032', 'SKU-0045032', 'SKU-0060032', 'SKU-0075032', 'SKU-0090032', 'SKU-0105032', 'SKU-0120032', 'SKU-0135032', 'SKU-0150032', 'SKU-0165032', 'SKU-0180032', 'SKU-0195032', 'SKU-0210032', 'SKU-0225032', 'SKU-0240032', 'SKU-0255032', 'SKU-0270032', 'SKU-0285032'], '2026-09-18', '2026-09-18')"
Q2,caliente,120,0.165416,"(120, ['SKU-0000120', 'SKU-0015120', 'SKU-0030120', 'SKU-0045120', 'SKU-0060120', 'SKU-0075120', 'SKU-0090120', 'SKU-0105120', 'SKU-0120120', 'SKU-0135120', 'SKU-0150120', 'SKU-0165120', 'SKU-0180120', 'SKU-0195120', 'SKU-0210120', 'SKU-0225120', 'SKU-0240120', 'SKU-0255120', 'SKU-0270120', 'SKU-0285120'], '2026-09-18', '2026-09-18')"
Q2,caliente,121,0.165917,"(78, ['SKU-0000078', 'SKU-0015078', 'SKU-0030078', 'SKU-0045078', 'SKU-0060078', 'SKU-0075078', 'SKU-0090078', 'SKU-0105078', 'SKU-0120078', 'SKU-0135078', 'SKU-0150078', 'SKU-0165078', 'SKU-0180078', 'SKU-0195078', 'SKU-0210078', 'SKU-0225078', 'SKU-0240078', 'SKU-0255078', 'SKU-0270078', 'SKU-0285078'], '2026-09-18', '2026-09-18')"
Q2,caliente,122,0.170500,"(104, ['SKU-0000104', 'SKU-0015104', 'SKU-0030104', 'SKU-0045104', 'SKU-0060104', 'SKU-0075104', 'SKU-0090104', 'SKU-0105104', 'SKU-0120104', 'SKU-0135104', 'SKU-0150104', 'SKU-0165104', 'SKU-0180104', 'SKU-0195104', 'SKU-0210104', 'SKU-0225104', 'SKU-0240104', 'SKU-0255104', 'SKU-0270104', 'SKU-0285104'], '2026-09-18', '2026-09-18')"
Q2,caliente,123,0.158291,"(70, ['SKU-0000070', 'SKU-0015070', 'SKU-0030070', 'SKU-0045070', 'SKU-0060070', 'SKU-0075070', 'SKU-0090070', 'SKU-0105070', 'SKU-0120070', 'SKU-0135070', 'SKU-0150070', 'SKU-0165070', 'SKU-0180070', 'SKU-0195070', 'SKU-0210070', 'SKU-0225070', 'SKU-0240070', 'SKU-0255070', 'SKU-0270070', 'SKU-0285070'], '2026-09-18', '2026-09-18')"
Q2,caliente,124,0.154292,"(129, ['SKU-0000129', 'SKU-0015129', 'SKU-0030129', 'SKU-0045129', 'SKU-0060129', 'SKU-0075129', 'SKU-0090129', 'SKU-0105129', 'SKU-0120129', 'SKU-0135129', 'SKU-0150129', 'SKU-0165129', 'SKU-0180129', 'SKU-0195129', 'SKU-0210129', 'SKU-0225129', 'SKU-0240129', 'SKU-0255129', 'SKU-0270129', 'SKU-0285129'], '2026-09-18', '2026-09-18')"
Q2,caliente,125,0.159791,"(139, ['SKU-0000139', 'SKU-0015139', 'SKU-0030139', 'SKU-0045139', 'SKU-0060139', 'SKU-0075139', 'SKU-0090139', 'SKU-0105139', 'SKU-0120139', 'SKU-0135139', 'SKU-0150139', 'SKU-0165139', 'SKU-0180139', 'SKU-0195139', 'SKU-0210139', 'SKU-0225139', 'SKU-0240139', 'SKU-0255139', 'SKU-0270139', 'SKU-0285139'], '2026-09-18', '2026-09-18')"
Q2,caliente,126,0.148000,"(127, ['SKU-0000127', 'SKU-0015127', 'SKU-0030127', 'SKU-0045127', 'SKU-0060127', 'SKU-0075127', 'SKU-0090127', 'SKU-0105127', 'SKU-0120127', 'SKU-0135127', 'SKU-0150127', 'SKU-0165127', 'SKU-0180127', 'SKU-0195127', 'SKU-0210127', 'SKU-0225127', 'SKU-0240127', 'SKU-0255127', 'SKU-0270127', 'SKU-0285127'], '2026-09-18', '2026-09-18')"
Q2,caliente,127,0.167541,"(113, ['SKU-0000113', 'SKU-0015113', 'SKU-0030113', 'SKU-0045113', 'SKU-0060113', 'SKU-0075113', 'SKU-0090113', 'SKU-0105113', 'SKU-0120113', 'SKU-0135113', 'SKU-0150113', 'SKU-0165113', 'SKU-0180113', 'SKU-0195113', 'SKU-0210113', 'SKU-0225113', 'SKU-0240113', 'SKU-0255113', 'SKU-0270113', 'SKU-0285113'], '2026-09-18', '2026-09-18')"
Q2,caliente,128,0.169334,"(21, ['SKU-0000021', 'SKU-0015021', 'SKU-0030021', 'SKU-0045021', 'SKU-0060021', 'SKU-0075021', 'SKU-0090021', 'SKU-0105021', 'SKU-0120021', 'SKU-0135021', 'SKU-0150021', 'SKU-0165021', 'SKU-0180021', 'SKU-0195021', 'SKU-0210021', 'SKU-0225021', 'SKU-0240021', 'SKU-0255021', 'SKU-0270021', 'SKU-0285021'], '2026-09-18', '2026-09-18')"
Q2,caliente,129,0.159708,"(11, ['SKU-0000011', 'SKU-0015011', 'SKU-0030011', 'SKU-0045011', 'SKU-0060011', 'SKU-0075011', 'SKU-0090011', 'SKU-0105011', 'SKU-0120011', 'SKU-0135011', 'SKU-0150011', 'SKU-0165011', 'SKU-0180011', 'SKU-0195011', 'SKU-0210011', 'SKU-0225011', 'SKU-0240011', 'SKU-0255011', 'SKU-0270011', 'SKU-0285011'], '2026-09-18', '2026-09-18')"
Q2,caliente,130,0.164291,"(111, ['SKU-0000111', 'SKU-0015111', 'SKU-0030111', 'SKU-0045111', 'SKU-0060111', 'SKU-0075111', 'SKU-0090111', 'SKU-0105111', 'SKU-0120111', 'SKU-0135111', 'SKU-0150111', 'SKU-0165111', 'SKU-0180111', 'SKU-0195111', 'SKU-0210111', 'SKU-0225111', 'SKU-0240111', 'SKU-0255111', 'SKU-0270111', 'SKU-0285111'], '2026-09-18', '2026-09-18')"
Q2,caliente,131,0.153750,"(83, ['SKU-0000083', 'SKU-0015083', 'SKU-0030083', 'SKU-0045083', 'SKU-0060083', 'SKU-0075083', 'SKU-0090083', 'SKU-0105083', 'SKU-0120083', 'SKU-0135083', 'SKU-0150083', 'SKU-0165083', 'SKU-0180083', 'SKU-0195083', 'SKU-0210083', 'SKU-0225083', 'SKU-0240083', 'SKU-0255083', 'SKU-0270083', 'SKU-0285083'], '2026-09-18', '2026-09-18')"
Q2,caliente,132,0.151042,"(65, ['SKU-0000065', 'SKU-0015065', 'SKU-0030065', 'SKU-0045065', 'SKU-0060065', 'SKU-0075065', 'SKU-0090065', 'SKU-0105065', 'SKU-0120065', 'SKU-0135065', 'SKU-0150065', 'SKU-0165065', 'SKU-0180065', 'SKU-0195065', 'SKU-0210065', 'SKU-0225065', 'SKU-0240065', 'SKU-0255065', 'SKU-0270065', 'SKU-0285065'], '2026-09-18', '2026-09-18')"
Q2,caliente,133,0.151750,"(7, ['SKU-0000007', 'SKU-0015007', 'SKU-0030007', 'SKU-0045007', 'SKU-0060007', 'SKU-0075007', 'SKU-0090007', 'SKU-0105007', 'SKU-0120007', 'SKU-0135007', 'SKU-0150007', 'SKU-0165007', 'SKU-0180007', 'SKU-0195007', 'SKU-0210007', 'SKU-0225007', 'SKU-0240007', 'SKU-0255007', 'SKU-0270007', 'SKU-0285007'], '2026-09-18', '2026-09-18')"
Q2,caliente,134,0.153125,"(24, ['SKU-0000024', 'SKU-0015024', 'SKU-0030024', 'SKU-0045024', 'SKU-0060024', 'SKU-0075024', 'SKU-0090024', 'SKU-0105024', 'SKU-0120024', 'SKU-0135024', 'SKU-0150024', 'SKU-0165024', 'SKU-0180024', 'SKU-0195024', 'SKU-0210024', 'SKU-0225024', 'SKU-0240024', 'SKU-0255024', 'SKU-0270024', 'SKU-0285024'], '2026-09-18', '2026-09-18')"
Q2,caliente,135,0.191416,"(59, ['SKU-0000059', 'SKU-0015059', 'SKU-0030059', 'SKU-0045059', 'SKU-0060059', 'SKU-0075059', 'SKU-0090059', 'SKU-0105059', 'SKU-0120059', 'SKU-0135059', 'SKU-0150059', 'SKU-0165059', 'SKU-0180059', 'SKU-0195059', 'SKU-0210059', 'SKU-0225059', 'SKU-0240059', 'SKU-0255059', 'SKU-0270059', 'SKU-0285059'], '2026-09-18', '2026-09-18')"
Q2,caliente,136,0.156792,"(148, ['SKU-0000148', 'SKU-0015148', 'SKU-0030148', 'SKU-0045148', 'SKU-0060148', 'SKU-0075148', 'SKU-0090148', 'SKU-0105148', 'SKU-0120148', 'SKU-0135148', 'SKU-0150148', 'SKU-0165148', 'SKU-0180148', 'SKU-0195148', 'SKU-0210148', 'SKU-0225148', 'SKU-0240148', 'SKU-0255148', 'SKU-0270148', 'SKU-0285148'], '2026-09-18', '2026-09-18')"
Q2,caliente,137,0.160000,"(6, ['SKU-0000006', 'SKU-0015006', 'SKU-0030006', 'SKU-0045006', 'SKU-0060006', 'SKU-0075006', 'SKU-0090006', 'SKU-0105006', 'SKU-0120006', 'SKU-0135006', 'SKU-0150006', 'SKU-0165006', 'SKU-0180006', 'SKU-0195006', 'SKU-0210006', 'SKU-0225006', 'SKU-0240006', 'SKU-0255006', 'SKU-0270006', 'SKU-0285006'], '2026-09-18', '2026-09-18')"
Q2,caliente,138,0.148917,"(69, ['SKU-0000069', 'SKU-0015069', 'SKU-0030069', 'SKU-0045069', 'SKU-0060069', 'SKU-0075069', 'SKU-0090069', 'SKU-0105069', 'SKU-0120069', 'SKU-0135069', 'SKU-0150069', 'SKU-0165069', 'SKU-0180069', 'SKU-0195069', 'SKU-0210069', 'SKU-0225069', 'SKU-0240069', 'SKU-0255069', 'SKU-0270069', 'SKU-0285069'], '2026-09-18', '2026-09-18')"
Q2,caliente,139,0.164541,"(148, ['SKU-0000148', 'SKU-0015148', 'SKU-0030148', 'SKU-0045148', 'SKU-0060148', 'SKU-0075148', 'SKU-0090148', 'SKU-0105148', 'SKU-0120148', 'SKU-0135148', 'SKU-0150148', 'SKU-0165148', 'SKU-0180148', 'SKU-0195148', 'SKU-0210148', 'SKU-0225148', 'SKU-0240148', 'SKU-0255148', 'SKU-0270148', 'SKU-0285148'], '2026-09-18', '2026-09-18')"
Q2,caliente,140,0.169042,"(11, ['SKU-0000011', 'SKU-0015011', 'SKU-0030011', 'SKU-0045011', 'SKU-0060011', 'SKU-0075011', 'SKU-0090011', 'SKU-0105011', 'SKU-0120011', 'SKU-0135011', 'SKU-0150011', 'SKU-0165011', 'SKU-0180011', 'SKU-0195011', 'SKU-0210011', 'SKU-0225011', 'SKU-0240011', 'SKU-0255011', 'SKU-0270011', 'SKU-0285011'], '2026-09-18', '2026-09-18')"
Q2,caliente,141,0.155792,"(45, ['SKU-0000045', 'SKU-0015045', 'SKU-0030045', 'SKU-0045045', 'SKU-0060045', 'SKU-0075045', 'SKU-0090045', 'SKU-0105045', 'SKU-0120045', 'SKU-0135045', 'SKU-0150045', 'SKU-0165045', 'SKU-0180045', 'SKU-0195045', 'SKU-0210045', 'SKU-0225045', 'SKU-0240045', 'SKU-0255045', 'SKU-0270045', 'SKU-0285045'], '2026-09-18', '2026-09-18')"
Q2,caliente,142,0.156583,"(121, ['SKU-0000121', 'SKU-0015121', 'SKU-0030121', 'SKU-0045121', 'SKU-0060121', 'SKU-0075121', 'SKU-0090121', 'SKU-0105121', 'SKU-0120121', 'SKU-0135121', 'SKU-0150121', 'SKU-0165121', 'SKU-0180121', 'SKU-0195121', 'SKU-0210121', 'SKU-0225121', 'SKU-0240121', 'SKU-0255121', 'SKU-0270121', 'SKU-0285121'], '2026-09-18', '2026-09-18')"
Q2,caliente,143,0.159625,"(133, ['SKU-0000133', 'SKU-0015133', 'SKU-0030133', 'SKU-0045133', 'SKU-0060133', 'SKU-0075133', 'SKU-0090133', 'SKU-0105133', 'SKU-0120133', 'SKU-0135133', 'SKU-0150133', 'SKU-0165133', 'SKU-0180133', 'SKU-0195133', 'SKU-0210133', 'SKU-0225133', 'SKU-0240133', 'SKU-0255133', 'SKU-0270133', 'SKU-0285133'], '2026-09-18', '2026-09-18')"
Q2,caliente,144,0.156875,"(114, ['SKU-0000114', 'SKU-0015114', 'SKU-0030114', 'SKU-0045114', 'SKU-0060114', 'SKU-0075114', 'SKU-0090114', 'SKU-0105114', 'SKU-0120114', 'SKU-0135114', 'SKU-0150114', 'SKU-0165114', 'SKU-0180114', 'SKU-0195114', 'SKU-0210114', 'SKU-0225114', 'SKU-0240114', 'SKU-0255114', 'SKU-0270114', 'SKU-0285114'], '2026-09-18', '2026-09-18')"
Q2,caliente,145,0.152041,"(72, ['SKU-0000072', 'SKU-0015072', 'SKU-0030072', 'SKU-0045072', 'SKU-0060072', 'SKU-0075072', 'SKU-0090072', 'SKU-0105072', 'SKU-0120072', 'SKU-0135072', 'SKU-0150072', 'SKU-0165072', 'SKU-0180072', 'SKU-0195072', 'SKU-0210072', 'SKU-0225072', 'SKU-0240072', 'SKU-0255072', 'SKU-0270072', 'SKU-0285072'], '2026-09-18', '2026-09-18')"
Q2,caliente,146,0.145500,"(47, ['SKU-0000047', 'SKU-0015047', 'SKU-0030047', 'SKU-0045047', 'SKU-0060047', 'SKU-0075047', 'SKU-0090047', 'SKU-0105047', 'SKU-0120047', 'SKU-0135047', 'SKU-0150047', 'SKU-0165047', 'SKU-0180047', 'SKU-0195047', 'SKU-0210047', 'SKU-0225047', 'SKU-0240047', 'SKU-0255047', 'SKU-0270047', 'SKU-0285047'], '2026-09-18', '2026-09-18')"
Q2,caliente,147,0.161584,"(150, ['SKU-0000150', 'SKU-0015150', 'SKU-0030150', 'SKU-0045150', 'SKU-0060150', 'SKU-0075150', 'SKU-0090150', 'SKU-0105150', 'SKU-0120150', 'SKU-0135150', 'SKU-0150150', 'SKU-0165150', 'SKU-0180150', 'SKU-0195150', 'SKU-0210150', 'SKU-0225150', 'SKU-0240150', 'SKU-0255150', 'SKU-0270150', 'SKU-0285150'], '2026-09-18', '2026-09-18')"
Q2,caliente,148,0.160708,"(112, ['SKU-0000112', 'SKU-0015112', 'SKU-0030112', 'SKU-0045112', 'SKU-0060112', 'SKU-0075112', 'SKU-0090112', 'SKU-0105112', 'SKU-0120112', 'SKU-0135112', 'SKU-0150112', 'SKU-0165112', 'SKU-0180112', 'SKU-0195112', 'SKU-0210112', 'SKU-0225112', 'SKU-0240112', 'SKU-0255112', 'SKU-0270112', 'SKU-0285112'], '2026-09-18', '2026-09-18')"
Q2,caliente,149,0.159708,"(126, ['SKU-0000126', 'SKU-0015126', 'SKU-0030126', 'SKU-0045126', 'SKU-0060126', 'SKU-0075126', 'SKU-0090126', 'SKU-0105126', 'SKU-0120126', 'SKU-0135126', 'SKU-0150126', 'SKU-0165126', 'SKU-0180126', 'SKU-0195126', 'SKU-0210126', 'SKU-0225126', 'SKU-0240126', 'SKU-0255126', 'SKU-0270126', 'SKU-0285126'], '2026-09-18', '2026-09-18')"
Q2,caliente,150,0.166375,"(24, ['SKU-0000024', 'SKU-0015024', 'SKU-0030024', 'SKU-0045024', 'SKU-0060024', 'SKU-0075024', 'SKU-0090024', 'SKU-0105024', 'SKU-0120024', 'SKU-0135024', 'SKU-0150024', 'SKU-0165024', 'SKU-0180024', 'SKU-0195024', 'SKU-0210024', 'SKU-0225024', 'SKU-0240024', 'SKU-0255024', 'SKU-0270024', 'SKU-0285024'], '2026-09-18', '2026-09-18')"
Q2,caliente,151,0.159584,"(121, ['SKU-0000121', 'SKU-0015121', 'SKU-0030121', 'SKU-0045121', 'SKU-0060121', 'SKU-0075121', 'SKU-0090121', 'SKU-0105121', 'SKU-0120121', 'SKU-0135121', 'SKU-0150121', 'SKU-0165121', 'SKU-0180121', 'SKU-0195121', 'SKU-0210121', 'SKU-0225121', 'SKU-0240121', 'SKU-0255121', 'SKU-0270121', 'SKU-0285121'], '2026-09-18', '2026-09-18')"
Q2,caliente,152,0.159500,"(90, ['SKU-0000090', 'SKU-0015090', 'SKU-0030090', 'SKU-0045090', 'SKU-0060090', 'SKU-0075090', 'SKU-0090090', 'SKU-0105090', 'SKU-0120090', 'SKU-0135090', 'SKU-0150090', 'SKU-0165090', 'SKU-0180090', 'SKU-0195090', 'SKU-0210090', 'SKU-0225090', 'SKU-0240090', 'SKU-0255090', 'SKU-0270090', 'SKU-0285090'], '2026-09-18', '2026-09-18')"
Q2,caliente,153,0.156666,"(105, ['SKU-0000105', 'SKU-0015105', 'SKU-0030105', 'SKU-0045105', 'SKU-0060105', 'SKU-0075105', 'SKU-0090105', 'SKU-0105105', 'SKU-0120105', 'SKU-0135105', 'SKU-0150105', 'SKU-0165105', 'SKU-0180105', 'SKU-0195105', 'SKU-0210105', 'SKU-0225105', 'SKU-0240105', 'SKU-0255105', 'SKU-0270105', 'SKU-0285105'], '2026-09-18', '2026-09-18')"
Q2,caliente,154,0.170250,"(86, ['SKU-0000086', 'SKU-0015086', 'SKU-0030086', 'SKU-0045086', 'SKU-0060086', 'SKU-0075086', 'SKU-0090086', 'SKU-0105086', 'SKU-0120086', 'SKU-0135086', 'SKU-0150086', 'SKU-0165086', 'SKU-0180086', 'SKU-0195086', 'SKU-0210086', 'SKU-0225086', 'SKU-0240086', 'SKU-0255086', 'SKU-0270086', 'SKU-0285086'], '2026-09-18', '2026-09-18')"
Q2,caliente,155,0.166000,"(83, ['SKU-0000083', 'SKU-0015083', 'SKU-0030083', 'SKU-0045083', 'SKU-0060083', 'SKU-0075083', 'SKU-0090083', 'SKU-0105083', 'SKU-0120083', 'SKU-0135083', 'SKU-0150083', 'SKU-0165083', 'SKU-0180083', 'SKU-0195083', 'SKU-0210083', 'SKU-0225083', 'SKU-0240083', 'SKU-0255083', 'SKU-0270083', 'SKU-0285083'], '2026-09-18', '2026-09-18')"
Q2,caliente,156,0.152875,"(27, ['SKU-0000027', 'SKU-0015027', 'SKU-0030027', 'SKU-0045027', 'SKU-0060027', 'SKU-0075027', 'SKU-0090027', 'SKU-0105027', 'SKU-0120027', 'SKU-0135027', 'SKU-0150027', 'SKU-0165027', 'SKU-0180027', 'SKU-0195027', 'SKU-0210027', 'SKU-0225027', 'SKU-0240027', 'SKU-0255027', 'SKU-0270027', 'SKU-0285027'], '2026-09-18', '2026-09-18')"
Q2,caliente,157,0.153500,"(42, ['SKU-0000042', 'SKU-0015042', 'SKU-0030042', 'SKU-0045042', 'SKU-0060042', 'SKU-0075042', 'SKU-0090042', 'SKU-0105042', 'SKU-0120042', 'SKU-0135042', 'SKU-0150042', 'SKU-0165042', 'SKU-0180042', 'SKU-0195042', 'SKU-0210042', 'SKU-0225042', 'SKU-0240042', 'SKU-0255042', 'SKU-0270042', 'SKU-0285042'], '2026-09-18', '2026-09-18')"
Q2,caliente,158,0.153708,"(85, ['SKU-0000085', 'SKU-0015085', 'SKU-0030085', 'SKU-0045085', 'SKU-0060085', 'SKU-0075085', 'SKU-0090085', 'SKU-0105085', 'SKU-0120085', 'SKU-0135085', 'SKU-0150085', 'SKU-0165085', 'SKU-0180085', 'SKU-0195085', 'SKU-0210085', 'SKU-0225085', 'SKU-0240085', 'SKU-0255085', 'SKU-0270085', 'SKU-0285085'], '2026-09-18', '2026-09-18')"
Q2,caliente,159,0.160666,"(106, ['SKU-0000106', 'SKU-0015106', 'SKU-0030106', 'SKU-0045106', 'SKU-0060106', 'SKU-0075106', 'SKU-0090106', 'SKU-0105106', 'SKU-0120106', 'SKU-0135106', 'SKU-0150106', 'SKU-0165106', 'SKU-0180106', 'SKU-0195106', 'SKU-0210106', 'SKU-0225106', 'SKU-0240106', 'SKU-0255106', 'SKU-0270106', 'SKU-0285106'], '2026-09-18', '2026-09-18')"
Q2,caliente,160,0.169584,"(127, ['SKU-0000127', 'SKU-0015127', 'SKU-0030127', 'SKU-0045127', 'SKU-0060127', 'SKU-0075127', 'SKU-0090127', 'SKU-0105127', 'SKU-0120127', 'SKU-0135127', 'SKU-0150127', 'SKU-0165127', 'SKU-0180127', 'SKU-0195127', 'SKU-0210127', 'SKU-0225127', 'SKU-0240127', 'SKU-0255127', 'SKU-0270127', 'SKU-0285127'], '2026-09-18', '2026-09-18')"
Q2,caliente,161,0.165542,"(74, ['SKU-0000074', 'SKU-0015074', 'SKU-0030074', 'SKU-0045074', 'SKU-0060074', 'SKU-0075074', 'SKU-0090074', 'SKU-0105074', 'SKU-0120074', 'SKU-0135074', 'SKU-0150074', 'SKU-0165074', 'SKU-0180074', 'SKU-0195074', 'SKU-0210074', 'SKU-0225074', 'SKU-0240074', 'SKU-0255074', 'SKU-0270074', 'SKU-0285074'], '2026-09-18', '2026-09-18')"
Q2,caliente,162,0.154000,"(103, ['SKU-0000103', 'SKU-0015103', 'SKU-0030103', 'SKU-0045103', 'SKU-0060103', 'SKU-0075103', 'SKU-0090103', 'SKU-0105103', 'SKU-0120103', 'SKU-0135103', 'SKU-0150103', 'SKU-0165103', 'SKU-0180103', 'SKU-0195103', 'SKU-0210103', 'SKU-0225103', 'SKU-0240103', 'SKU-0255103', 'SKU-0270103', 'SKU-0285103'], '2026-09-18', '2026-09-18')"
Q2,caliente,163,0.156375,"(141, ['SKU-0000141', 'SKU-0015141', 'SKU-0030141', 'SKU-0045141', 'SKU-0060141', 'SKU-0075141', 'SKU-0090141', 'SKU-0105141', 'SKU-0120141', 'SKU-0135141', 'SKU-0150141', 'SKU-0165141', 'SKU-0180141', 'SKU-0195141', 'SKU-0210141', 'SKU-0225141', 'SKU-0240141', 'SKU-0255141', 'SKU-0270141', 'SKU-0285141'], '2026-09-18', '2026-09-18')"
Q2,caliente,164,0.178584,"(10, ['SKU-0000010', 'SKU-0015010', 'SKU-0030010', 'SKU-0045010', 'SKU-0060010', 'SKU-0075010', 'SKU-0090010', 'SKU-0105010', 'SKU-0120010', 'SKU-0135010', 'SKU-0150010', 'SKU-0165010', 'SKU-0180010', 'SKU-0195010', 'SKU-0210010', 'SKU-0225010', 'SKU-0240010', 'SKU-0255010', 'SKU-0270010', 'SKU-0285010'], '2026-09-18', '2026-09-18')"
Q2,caliente,165,0.174583,"(117, ['SKU-0000117', 'SKU-0015117', 'SKU-0030117', 'SKU-0045117', 'SKU-0060117', 'SKU-0075117', 'SKU-0090117', 'SKU-0105117', 'SKU-0120117', 'SKU-0135117', 'SKU-0150117', 'SKU-0165117', 'SKU-0180117', 'SKU-0195117', 'SKU-0210117', 'SKU-0225117', 'SKU-0240117', 'SKU-0255117', 'SKU-0270117', 'SKU-0285117'], '2026-09-18', '2026-09-18')"
Q2,caliente,166,0.159125,"(23, ['SKU-0000023', 'SKU-0015023', 'SKU-0030023', 'SKU-0045023', 'SKU-0060023', 'SKU-0075023', 'SKU-0090023', 'SKU-0105023', 'SKU-0120023', 'SKU-0135023', 'SKU-0150023', 'SKU-0165023', 'SKU-0180023', 'SKU-0195023', 'SKU-0210023', 'SKU-0225023', 'SKU-0240023', 'SKU-0255023', 'SKU-0270023', 'SKU-0285023'], '2026-09-18', '2026-09-18')"
Q2,caliente,167,0.164791,"(81, ['SKU-0000081', 'SKU-0015081', 'SKU-0030081', 'SKU-0045081', 'SKU-0060081', 'SKU-0075081', 'SKU-0090081', 'SKU-0105081', 'SKU-0120081', 'SKU-0135081', 'SKU-0150081', 'SKU-0165081', 'SKU-0180081', 'SKU-0195081', 'SKU-0210081', 'SKU-0225081', 'SKU-0240081', 'SKU-0255081', 'SKU-0270081', 'SKU-0285081'], '2026-09-18', '2026-09-18')"
Q2,caliente,168,0.171875,"(65, ['SKU-0000065', 'SKU-0015065', 'SKU-0030065', 'SKU-0045065', 'SKU-0060065', 'SKU-0075065', 'SKU-0090065', 'SKU-0105065', 'SKU-0120065', 'SKU-0135065', 'SKU-0150065', 'SKU-0165065', 'SKU-0180065', 'SKU-0195065', 'SKU-0210065', 'SKU-0225065', 'SKU-0240065', 'SKU-0255065', 'SKU-0270065', 'SKU-0285065'], '2026-09-18', '2026-09-18')"
Q2,caliente,169,0.154334,"(83, ['SKU-0000083', 'SKU-0015083', 'SKU-0030083', 'SKU-0045083', 'SKU-0060083', 'SKU-0075083', 'SKU-0090083', 'SKU-0105083', 'SKU-0120083', 'SKU-0135083', 'SKU-0150083', 'SKU-0165083', 'SKU-0180083', 'SKU-0195083', 'SKU-0210083', 'SKU-0225083', 'SKU-0240083', 'SKU-0255083', 'SKU-0270083', 'SKU-0285083'], '2026-09-18', '2026-09-18')"
Q2,caliente,170,0.157625,"(30, ['SKU-0000030', 'SKU-0015030', 'SKU-0030030', 'SKU-0045030', 'SKU-0060030', 'SKU-0075030', 'SKU-0090030', 'SKU-0105030', 'SKU-0120030', 'SKU-0135030', 'SKU-0150030', 'SKU-0165030', 'SKU-0180030', 'SKU-0195030', 'SKU-0210030', 'SKU-0225030', 'SKU-0240030', 'SKU-0255030', 'SKU-0270030', 'SKU-0285030'], '2026-09-18', '2026-09-18')"
Q2,caliente,171,0.170666,"(104, ['SKU-0000104', 'SKU-0015104', 'SKU-0030104', 'SKU-0045104', 'SKU-0060104', 'SKU-0075104', 'SKU-0090104', 'SKU-0105104', 'SKU-0120104', 'SKU-0135104', 'SKU-0150104', 'SKU-0165104', 'SKU-0180104', 'SKU-0195104', 'SKU-0210104', 'SKU-0225104', 'SKU-0240104', 'SKU-0255104', 'SKU-0270104', 'SKU-0285104'], '2026-09-18', '2026-09-18')"
Q2,caliente,172,0.161792,"(132, ['SKU-0000132', 'SKU-0015132', 'SKU-0030132', 'SKU-0045132', 'SKU-0060132', 'SKU-0075132', 'SKU-0090132', 'SKU-0105132', 'SKU-0120132', 'SKU-0135132', 'SKU-0150132', 'SKU-0165132', 'SKU-0180132', 'SKU-0195132', 'SKU-0210132', 'SKU-0225132', 'SKU-0240132', 'SKU-0255132', 'SKU-0270132', 'SKU-0285132'], '2026-09-18', '2026-09-18')"
Q2,caliente,173,0.153417,"(3, ['SKU-0000003', 'SKU-0015003', 'SKU-0030003', 'SKU-0045003', 'SKU-0060003', 'SKU-0075003', 'SKU-0090003', 'SKU-0105003', 'SKU-0120003', 'SKU-0135003', 'SKU-0150003', 'SKU-0165003', 'SKU-0180003', 'SKU-0195003', 'SKU-0210003', 'SKU-0225003', 'SKU-0240003', 'SKU-0255003', 'SKU-0270003', 'SKU-0285003'], '2026-09-18', '2026-09-18')"
Q2,caliente,174,0.161458,"(139, ['SKU-0000139', 'SKU-0015139', 'SKU-0030139', 'SKU-0045139', 'SKU-0060139', 'SKU-0075139', 'SKU-0090139', 'SKU-0105139', 'SKU-0120139', 'SKU-0135139', 'SKU-0150139', 'SKU-0165139', 'SKU-0180139', 'SKU-0195139', 'SKU-0210139', 'SKU-0225139', 'SKU-0240139', 'SKU-0255139', 'SKU-0270139', 'SKU-0285139'], '2026-09-18', '2026-09-18')"
Q2,caliente,175,0.158625,"(119, ['SKU-0000119', 'SKU-0015119', 'SKU-0030119', 'SKU-0045119', 'SKU-0060119', 'SKU-0075119', 'SKU-0090119', 'SKU-0105119', 'SKU-0120119', 'SKU-0135119', 'SKU-0150119', 'SKU-0165119', 'SKU-0180119', 'SKU-0195119', 'SKU-0210119', 'SKU-0225119', 'SKU-0240119', 'SKU-0255119', 'SKU-0270119', 'SKU-0285119'], '2026-09-18', '2026-09-18')"
Q2,caliente,176,0.156291,"(106, ['SKU-0000106', 'SKU-0015106', 'SKU-0030106', 'SKU-0045106', 'SKU-0060106', 'SKU-0075106', 'SKU-0090106', 'SKU-0105106', 'SKU-0120106', 'SKU-0135106', 'SKU-0150106', 'SKU-0165106', 'SKU-0180106', 'SKU-0195106', 'SKU-0210106', 'SKU-0225106', 'SKU-0240106', 'SKU-0255106', 'SKU-0270106', 'SKU-0285106'], '2026-09-18', '2026-09-18')"
Q2,caliente,177,0.167458,"(14, ['SKU-0000014', 'SKU-0015014', 'SKU-0030014', 'SKU-0045014', 'SKU-0060014', 'SKU-0075014', 'SKU-0090014', 'SKU-0105014', 'SKU-0120014', 'SKU-0135014', 'SKU-0150014', 'SKU-0165014', 'SKU-0180014', 'SKU-0195014', 'SKU-0210014', 'SKU-0225014', 'SKU-0240014', 'SKU-0255014', 'SKU-0270014', 'SKU-0285014'], '2026-09-18', '2026-09-18')"
Q2,caliente,178,0.156125,"(49, ['SKU-0000049', 'SKU-0015049', 'SKU-0030049', 'SKU-0045049', 'SKU-0060049', 'SKU-0075049', 'SKU-0090049', 'SKU-0105049', 'SKU-0120049', 'SKU-0135049', 'SKU-0150049', 'SKU-0165049', 'SKU-0180049', 'SKU-0195049', 'SKU-0210049', 'SKU-0225049', 'SKU-0240049', 'SKU-0255049', 'SKU-0270049', 'SKU-0285049'], '2026-09-18', '2026-09-18')"
Q2,caliente,179,0.154459,"(133, ['SKU-0000133', 'SKU-0015133', 'SKU-0030133', 'SKU-0045133', 'SKU-0060133', 'SKU-0075133', 'SKU-0090133', 'SKU-0105133', 'SKU-0120133', 'SKU-0135133', 'SKU-0150133', 'SKU-0165133', 'SKU-0180133', 'SKU-0195133', 'SKU-0210133', 'SKU-0225133', 'SKU-0240133', 'SKU-0255133', 'SKU-0270133', 'SKU-0285133'], '2026-09-18', '2026-09-18')"
Q2,caliente,180,0.153916,"(93, ['SKU-0000093', 'SKU-0015093', 'SKU-0030093', 'SKU-0045093', 'SKU-0060093', 'SKU-0075093', 'SKU-0090093', 'SKU-0105093', 'SKU-0120093', 'SKU-0135093', 'SKU-0150093', 'SKU-0165093', 'SKU-0180093', 'SKU-0195093', 'SKU-0210093', 'SKU-0225093', 'SKU-0240093', 'SKU-0255093', 'SKU-0270093', 'SKU-0285093'], '2026-09-18', '2026-09-18')"
Q2,caliente,181,0.148458,"(128, ['SKU-0000128', 'SKU-0015128', 'SKU-0030128', 'SKU-0045128', 'SKU-0060128', 'SKU-0075128', 'SKU-0090128', 'SKU-0105128', 'SKU-0120128', 'SKU-0135128', 'SKU-0150128', 'SKU-0165128', 'SKU-0180128', 'SKU-0195128', 'SKU-0210128', 'SKU-0225128', 'SKU-0240128', 'SKU-0255128', 'SKU-0270128', 'SKU-0285128'], '2026-09-18', '2026-09-18')"
Q2,caliente,182,0.189959,"(114, ['SKU-0000114', 'SKU-0015114', 'SKU-0030114', 'SKU-0045114', 'SKU-0060114', 'SKU-0075114', 'SKU-0090114', 'SKU-0105114', 'SKU-0120114', 'SKU-0135114', 'SKU-0150114', 'SKU-0165114', 'SKU-0180114', 'SKU-0195114', 'SKU-0210114', 'SKU-0225114', 'SKU-0240114', 'SKU-0255114', 'SKU-0270114', 'SKU-0285114'], '2026-09-18', '2026-09-18')"
Q2,caliente,183,0.169084,"(14, ['SKU-0000014', 'SKU-0015014', 'SKU-0030014', 'SKU-0045014', 'SKU-0060014', 'SKU-0075014', 'SKU-0090014', 'SKU-0105014', 'SKU-0120014', 'SKU-0135014', 'SKU-0150014', 'SKU-0165014', 'SKU-0180014', 'SKU-0195014', 'SKU-0210014', 'SKU-0225014', 'SKU-0240014', 'SKU-0255014', 'SKU-0270014', 'SKU-0285014'], '2026-09-18', '2026-09-18')"
Q2,caliente,184,0.162083,"(53, ['SKU-0000053', 'SKU-0015053', 'SKU-0030053', 'SKU-0045053', 'SKU-0060053', 'SKU-0075053', 'SKU-0090053', 'SKU-0105053', 'SKU-0120053', 'SKU-0135053', 'SKU-0150053', 'SKU-0165053', 'SKU-0180053', 'SKU-0195053', 'SKU-0210053', 'SKU-0225053', 'SKU-0240053', 'SKU-0255053', 'SKU-0270053', 'SKU-0285053'], '2026-09-18', '2026-09-18')"
Q2,caliente,185,0.155750,"(69, ['SKU-0000069', 'SKU-0015069', 'SKU-0030069', 'SKU-0045069', 'SKU-0060069', 'SKU-0075069', 'SKU-0090069', 'SKU-0105069', 'SKU-0120069', 'SKU-0135069', 'SKU-0150069', 'SKU-0165069', 'SKU-0180069', 'SKU-0195069', 'SKU-0210069', 'SKU-0225069', 'SKU-0240069', 'SKU-0255069', 'SKU-0270069', 'SKU-0285069'], '2026-09-18', '2026-09-18')"
Q2,caliente,186,0.166333,"(141, ['SKU-0000141', 'SKU-0015141', 'SKU-0030141', 'SKU-0045141', 'SKU-0060141', 'SKU-0075141', 'SKU-0090141', 'SKU-0105141', 'SKU-0120141', 'SKU-0135141', 'SKU-0150141', 'SKU-0165141', 'SKU-0180141', 'SKU-0195141', 'SKU-0210141', 'SKU-0225141', 'SKU-0240141', 'SKU-0255141', 'SKU-0270141', 'SKU-0285141'], '2026-09-18', '2026-09-18')"
Q2,caliente,187,0.159417,"(34, ['SKU-0000034', 'SKU-0015034', 'SKU-0030034', 'SKU-0045034', 'SKU-0060034', 'SKU-0075034', 'SKU-0090034', 'SKU-0105034', 'SKU-0120034', 'SKU-0135034', 'SKU-0150034', 'SKU-0165034', 'SKU-0180034', 'SKU-0195034', 'SKU-0210034', 'SKU-0225034', 'SKU-0240034', 'SKU-0255034', 'SKU-0270034', 'SKU-0285034'], '2026-09-18', '2026-09-18')"
Q2,caliente,188,0.158625,"(74, ['SKU-0000074', 'SKU-0015074', 'SKU-0030074', 'SKU-0045074', 'SKU-0060074', 'SKU-0075074', 'SKU-0090074', 'SKU-0105074', 'SKU-0120074', 'SKU-0135074', 'SKU-0150074', 'SKU-0165074', 'SKU-0180074', 'SKU-0195074', 'SKU-0210074', 'SKU-0225074', 'SKU-0240074', 'SKU-0255074', 'SKU-0270074', 'SKU-0285074'], '2026-09-18', '2026-09-18')"
Q2,caliente,189,0.169500,"(113, ['SKU-0000113', 'SKU-0015113', 'SKU-0030113', 'SKU-0045113', 'SKU-0060113', 'SKU-0075113', 'SKU-0090113', 'SKU-0105113', 'SKU-0120113', 'SKU-0135113', 'SKU-0150113', 'SKU-0165113', 'SKU-0180113', 'SKU-0195113', 'SKU-0210113', 'SKU-0225113', 'SKU-0240113', 'SKU-0255113', 'SKU-0270113', 'SKU-0285113'], '2026-09-18', '2026-09-18')"
Q2,caliente,190,0.158083,"(125, ['SKU-0000125', 'SKU-0015125', 'SKU-0030125', 'SKU-0045125', 'SKU-0060125', 'SKU-0075125', 'SKU-0090125', 'SKU-0105125', 'SKU-0120125', 'SKU-0135125', 'SKU-0150125', 'SKU-0165125', 'SKU-0180125', 'SKU-0195125', 'SKU-0210125', 'SKU-0225125', 'SKU-0240125', 'SKU-0255125', 'SKU-0270125', 'SKU-0285125'], '2026-09-18', '2026-09-18')"
Q2,caliente,191,0.162958,"(32, ['SKU-0000032', 'SKU-0015032', 'SKU-0030032', 'SKU-0045032', 'SKU-0060032', 'SKU-0075032', 'SKU-0090032', 'SKU-0105032', 'SKU-0120032', 'SKU-0135032', 'SKU-0150032', 'SKU-0165032', 'SKU-0180032', 'SKU-0195032', 'SKU-0210032', 'SKU-0225032', 'SKU-0240032', 'SKU-0255032', 'SKU-0270032', 'SKU-0285032'], '2026-09-18', '2026-09-18')"
Q2,caliente,192,0.158250,"(8, ['SKU-0000008', 'SKU-0015008', 'SKU-0030008', 'SKU-0045008', 'SKU-0060008', 'SKU-0075008', 'SKU-0090008', 'SKU-0105008', 'SKU-0120008', 'SKU-0135008', 'SKU-0150008', 'SKU-0165008', 'SKU-0180008', 'SKU-0195008', 'SKU-0210008', 'SKU-0225008', 'SKU-0240008', 'SKU-0255008', 'SKU-0270008', 'SKU-0285008'], '2026-09-18', '2026-09-18')"
Q2,caliente,193,0.153917,"(62, ['SKU-0000062', 'SKU-0015062', 'SKU-0030062', 'SKU-0045062', 'SKU-0060062', 'SKU-0075062', 'SKU-0090062', 'SKU-0105062', 'SKU-0120062', 'SKU-0135062', 'SKU-0150062', 'SKU-0165062', 'SKU-0180062', 'SKU-0195062', 'SKU-0210062', 'SKU-0225062', 'SKU-0240062', 'SKU-0255062', 'SKU-0270062', 'SKU-0285062'], '2026-09-18', '2026-09-18')"
Q2,caliente,194,0.195417,"(41, ['SKU-0000041', 'SKU-0015041', 'SKU-0030041', 'SKU-0045041', 'SKU-0060041', 'SKU-0075041', 'SKU-0090041', 'SKU-0105041', 'SKU-0120041', 'SKU-0135041', 'SKU-0150041', 'SKU-0165041', 'SKU-0180041', 'SKU-0195041', 'SKU-0210041', 'SKU-0225041', 'SKU-0240041', 'SKU-0255041', 'SKU-0270041', 'SKU-0285041'], '2026-09-18', '2026-09-18')"
Q2,caliente,195,0.171417,"(80, ['SKU-0000080', 'SKU-0015080', 'SKU-0030080', 'SKU-0045080', 'SKU-0060080', 'SKU-0075080', 'SKU-0090080', 'SKU-0105080', 'SKU-0120080', 'SKU-0135080', 'SKU-0150080', 'SKU-0165080', 'SKU-0180080', 'SKU-0195080', 'SKU-0210080', 'SKU-0225080', 'SKU-0240080', 'SKU-0255080', 'SKU-0270080', 'SKU-0285080'], '2026-09-18', '2026-09-18')"
Q2,caliente,196,0.154334,"(142, ['SKU-0000142', 'SKU-0015142', 'SKU-0030142', 'SKU-0045142', 'SKU-0060142', 'SKU-0075142', 'SKU-0090142', 'SKU-0105142', 'SKU-0120142', 'SKU-0135142', 'SKU-0150142', 'SKU-0165142', 'SKU-0180142', 'SKU-0195142', 'SKU-0210142', 'SKU-0225142', 'SKU-0240142', 'SKU-0255142', 'SKU-0270142', 'SKU-0285142'], '2026-09-18', '2026-09-18')"
Q2,caliente,197,0.155708,"(4, ['SKU-0000004', 'SKU-0015004', 'SKU-0030004', 'SKU-0045004', 'SKU-0060004', 'SKU-0075004', 'SKU-0090004', 'SKU-0105004', 'SKU-0120004', 'SKU-0135004', 'SKU-0150004', 'SKU-0165004', 'SKU-0180004', 'SKU-0195004', 'SKU-0210004', 'SKU-0225004', 'SKU-0240004', 'SKU-0255004', 'SKU-0270004', 'SKU-0285004'], '2026-09-18', '2026-09-18')"
Q2,caliente,198,0.164792,"(142, ['SKU-0000142', 'SKU-0015142', 'SKU-0030142', 'SKU-0045142', 'SKU-0060142', 'SKU-0075142', 'SKU-0090142', 'SKU-0105142', 'SKU-0120142', 'SKU-0135142', 'SKU-0150142', 'SKU-0165142', 'SKU-0180142', 'SKU-0195142', 'SKU-0210142', 'SKU-0225142', 'SKU-0240142', 'SKU-0255142', 'SKU-0270142', 'SKU-0285142'], '2026-09-18', '2026-09-18')"
Q2,caliente,199,0.164542,"(105, ['SKU-0000105', 'SKU-0015105', 'SKU-0030105', 'SKU-0045105', 'SKU-0060105', 'SKU-0075105', 'SKU-0090105', 'SKU-0105105', 'SKU-0120105', 'SKU-0135105', 'SKU-0150105', 'SKU-0165105', 'SKU-0180105', 'SKU-0195105', 'SKU-0210105', 'SKU-0225105', 'SKU-0240105', 'SKU-0255105', 'SKU-0270105', 'SKU-0285105'], '2026-09-18', '2026-09-18')"
Q2,caliente,200,0.144500,"(24, ['SKU-0000024', 'SKU-0015024', 'SKU-0030024', 'SKU-0045024', 'SKU-0060024', 'SKU-0075024', 'SKU-0090024', 'SKU-0105024', 'SKU-0120024', 'SKU-0135024', 'SKU-0150024', 'SKU-0165024', 'SKU-0180024', 'SKU-0195024', 'SKU-0210024', 'SKU-0225024', 'SKU-0240024', 'SKU-0255024', 'SKU-0270024', 'SKU-0285024'], '2026-09-18', '2026-09-18')"
Q3,caliente,1,0.746125,"(2, '2026-09-25')"
Q3,caliente,2,0.131083,"(1, '2026-11-20')"
Q3,caliente,3,0.138750,"(4, '2026-11-22')"
Q3,caliente,4,0.129916,"(5, '2026-11-22')"
Q3,caliente,5,0.574125,"(4, '2026-10-25')"
Q3,caliente,6,0.570084,"(2, '2026-10-26')"
Q3,caliente,7,0.541541,"(2, '2026-10-21')"
Q3,caliente,8,0.145625,"(5, '2026-11-20')"
Q3,caliente,9,0.515042,"(1, '2026-10-24')"
Q3,caliente,10,0.134875,"(3, '2026-11-22')"
Q3,caliente,11,0.551208,"(1, '2026-10-22')"
Q3,caliente,12,0.134291,"(5, '2026-11-28')"
Q3,caliente,13,0.456625,"(4, '2026-09-25')"
Q3,caliente,14,0.485833,"(5, '2026-10-23')"
Q3,caliente,15,0.138292,"(3, '2026-11-26')"
Q3,caliente,16,0.478333,"(4, '2026-10-23')"
Q3,caliente,17,0.127791,"(2, '2026-11-21')"
Q3,caliente,18,0.457417,"(5, '2026-10-21')"
Q3,caliente,19,0.493125,"(4, '2026-09-23')"
Q3,caliente,20,0.137709,"(4, '2026-11-24')"
Q3,caliente,21,0.135709,"(4, '2026-11-28')"
Q3,caliente,22,0.470416,"(2, '2026-10-18')"
Q3,caliente,23,0.122167,"(2, '2026-11-27')"
Q3,caliente,24,0.457000,"(3, '2026-09-25')"
Q3,caliente,25,0.134834,"(1, '2026-11-25')"
Q3,caliente,26,0.120542,"(1, '2026-11-20')"
Q3,caliente,27,0.129875,"(4, '2026-11-20')"
Q3,caliente,28,0.467417,"(1, '2026-10-22')"
Q3,caliente,29,0.131250,"(3, '2026-11-24')"
Q3,caliente,30,0.485459,"(1, '2026-10-28')"
Q3,caliente,31,0.477583,"(5, '2026-10-23')"
Q3,caliente,32,0.124375,"(4, '2026-11-18')"
Q3,caliente,33,0.437833,"(5, '2026-09-21')"
Q3,caliente,34,0.469166,"(3, '2026-09-19')"
Q3,caliente,35,0.457667,"(4, '2026-09-28')"
Q3,caliente,36,0.479208,"(1, '2026-10-20')"
Q3,caliente,37,0.564375,"(3, '2026-09-18')"
Q3,caliente,38,0.484375,"(3, '2026-09-22')"
Q3,caliente,39,0.474167,"(3, '2026-10-24')"
Q3,caliente,40,0.519167,"(2, '2026-09-26')"
Q3,caliente,41,0.125167,"(4, '2026-11-28')"
Q3,caliente,42,0.451083,"(2, '2026-09-20')"
Q3,caliente,43,0.155375,"(1, '2026-11-24')"
Q3,caliente,44,0.123958,"(5, '2026-11-21')"
Q3,caliente,45,0.122417,"(4, '2026-11-20')"
Q3,caliente,46,0.489042,"(2, '2026-10-28')"
Q3,caliente,47,0.507833,"(3, '2026-10-22')"
Q3,caliente,48,0.456125,"(1, '2026-10-22')"
Q3,caliente,49,0.515750,"(5, '2026-09-19')"
Q3,caliente,50,0.475042,"(4, '2026-10-27')"
Q3,caliente,51,0.144500,"(3, '2026-11-24')"
Q3,caliente,52,0.436042,"(3, '2026-10-22')"
Q3,caliente,53,0.505084,"(2, '2026-10-25')"
Q3,caliente,54,0.502750,"(1, '2026-09-24')"
Q3,caliente,55,0.454417,"(5, '2026-10-27')"
Q3,caliente,56,0.127458,"(3, '2026-11-22')"
Q3,caliente,57,0.129583,"(1, '2026-11-24')"
Q3,caliente,58,0.466541,"(3, '2026-09-27')"
Q3,caliente,59,0.127417,"(1, '2026-11-25')"
Q3,caliente,60,0.457500,"(3, '2026-09-27')"
Q3,caliente,61,0.523917,"(3, '2026-09-28')"
Q3,caliente,62,0.132500,"(2, '2026-11-22')"
Q3,caliente,63,0.136750,"(2, '2026-11-19')"
Q3,caliente,64,0.480166,"(1, '2026-10-25')"
Q3,caliente,65,0.129209,"(1, '2026-11-23')"
Q3,caliente,66,0.462917,"(2, '2026-09-22')"
Q3,caliente,67,0.143500,"(3, '2026-11-24')"
Q3,caliente,68,0.438750,"(2, '2026-09-20')"
Q3,caliente,69,0.478250,"(5, '2026-10-26')"
Q3,caliente,70,0.480458,"(5, '2026-10-20')"
Q3,caliente,71,0.422292,"(3, '2026-10-22')"
Q3,caliente,72,0.459708,"(3, '2026-09-25')"
Q3,caliente,73,0.443583,"(1, '2026-09-21')"
Q3,caliente,74,0.127959,"(4, '2026-11-23')"
Q3,caliente,75,0.477250,"(1, '2026-10-18')"
Q3,caliente,76,0.123833,"(3, '2026-11-19')"
Q3,caliente,77,0.473000,"(4, '2026-10-28')"
Q3,caliente,78,0.123208,"(3, '2026-11-24')"
Q3,caliente,79,0.445709,"(3, '2026-09-28')"
Q3,caliente,80,0.476083,"(2, '2026-10-18')"
Q3,caliente,81,0.123834,"(5, '2026-11-23')"
Q3,caliente,82,0.418375,"(5, '2026-09-28')"
Q3,caliente,83,0.128291,"(1, '2026-11-25')"
Q3,caliente,84,0.127625,"(3, '2026-11-24')"
Q3,caliente,85,0.499166,"(1, '2026-09-18')"
Q3,caliente,86,0.427791,"(1, '2026-10-25')"
Q3,caliente,87,0.448083,"(1, '2026-09-21')"
Q3,caliente,88,0.464291,"(5, '2026-09-24')"
Q3,caliente,89,0.470375,"(4, '2026-10-28')"
Q3,caliente,90,0.429584,"(5, '2026-10-27')"
Q3,caliente,91,0.429125,"(2, '2026-10-28')"
Q3,caliente,92,0.449541,"(1, '2026-10-27')"
Q3,caliente,93,0.464125,"(4, '2026-10-18')"
Q3,caliente,94,0.447417,"(3, '2026-09-25')"
Q3,caliente,95,0.434792,"(4, '2026-09-23')"
Q3,caliente,96,0.136334,"(1, '2026-11-23')"
Q3,caliente,97,0.120250,"(5, '2026-11-23')"
Q3,caliente,98,0.428125,"(1, '2026-10-22')"
Q3,caliente,99,0.493291,"(2, '2026-09-25')"
Q3,caliente,100,0.122875,"(1, '2026-11-21')"
Q3,caliente,101,0.434500,"(5, '2026-09-18')"
Q3,caliente,102,0.442166,"(3, '2026-09-20')"
Q3,caliente,103,0.451000,"(5, '2026-09-19')"
Q3,caliente,104,0.448667,"(5, '2026-09-27')"
Q3,caliente,105,0.472125,"(2, '2026-09-23')"
Q3,caliente,106,0.125875,"(2, '2026-11-18')"
Q3,caliente,107,0.420958,"(3, '2026-09-20')"
Q3,caliente,108,0.441791,"(5, '2026-10-20')"
Q3,caliente,109,0.123250,"(1, '2026-11-18')"
Q3,caliente,110,0.375583,"(2, '2026-09-23')"
Q3,caliente,111,0.131208,"(2, '2026-11-23')"
Q3,caliente,112,0.452125,"(1, '2026-09-22')"
Q3,caliente,113,0.430042,"(1, '2026-09-24')"
Q3,caliente,114,0.462250,"(5, '2026-09-19')"
Q3,caliente,115,0.431375,"(4, '2026-10-23')"
Q3,caliente,116,0.126708,"(5, '2026-11-19')"
Q3,caliente,117,0.158583,"(4, '2026-11-21')"
Q3,caliente,118,0.401417,"(5, '2026-09-28')"
Q3,caliente,119,0.455375,"(5, '2026-10-25')"
Q3,caliente,120,0.500500,"(1, '2026-09-25')"
Q3,caliente,121,0.463917,"(4, '2026-10-28')"
Q3,caliente,122,0.449000,"(1, '2026-10-25')"
Q3,caliente,123,0.475167,"(1, '2026-09-23')"
Q3,caliente,124,0.457292,"(5, '2026-09-19')"
Q3,caliente,125,0.426250,"(2, '2026-10-27')"
Q3,caliente,126,0.125500,"(5, '2026-11-23')"
Q3,caliente,127,0.111875,"(4, '2026-11-26')"
Q3,caliente,128,0.429667,"(3, '2026-10-26')"
Q3,caliente,129,0.454417,"(5, '2026-10-19')"
Q3,caliente,130,0.130542,"(1, '2026-11-28')"
Q3,caliente,131,0.122291,"(5, '2026-11-21')"
Q3,caliente,132,0.428792,"(4, '2026-10-21')"
Q3,caliente,133,0.439083,"(4, '2026-10-25')"
Q3,caliente,134,0.434291,"(4, '2026-10-19')"
Q3,caliente,135,0.446125,"(3, '2026-10-23')"
Q3,caliente,136,0.476583,"(3, '2026-10-20')"
Q3,caliente,137,0.462292,"(4, '2026-09-19')"
Q3,caliente,138,0.429250,"(1, '2026-09-24')"
Q3,caliente,139,0.121791,"(1, '2026-11-23')"
Q3,caliente,140,0.107000,"(2, '2026-11-18')"
Q3,caliente,141,0.107458,"(5, '2026-11-26')"
Q3,caliente,142,0.111167,"(3, '2026-11-19')"
Q3,caliente,143,0.442375,"(4, '2026-10-28')"
Q3,caliente,144,0.120959,"(4, '2026-11-18')"
Q3,caliente,145,0.113417,"(3, '2026-11-22')"
Q3,caliente,146,0.440416,"(3, '2026-09-27')"
Q3,caliente,147,0.432542,"(5, '2026-09-20')"
Q3,caliente,148,0.437334,"(4, '2026-09-19')"
Q3,caliente,149,0.124666,"(3, '2026-11-23')"
Q3,caliente,150,0.427000,"(1, '2026-10-27')"
Q3,caliente,151,0.451958,"(2, '2026-10-26')"
Q3,caliente,152,0.130875,"(5, '2026-11-28')"
Q3,caliente,153,0.445000,"(5, '2026-09-27')"
Q3,caliente,154,0.442333,"(3, '2026-09-20')"
Q3,caliente,155,0.124542,"(3, '2026-11-22')"
Q3,caliente,156,0.490750,"(3, '2026-10-18')"
Q3,caliente,157,0.458542,"(2, '2026-09-27')"
Q3,caliente,158,0.526583,"(4, '2026-09-20')"
Q3,caliente,159,0.435000,"(1, '2026-09-26')"
Q3,caliente,160,0.500916,"(2, '2026-10-24')"
Q3,caliente,161,0.458542,"(4, '2026-10-20')"
Q3,caliente,162,0.513958,"(3, '2026-10-23')"
Q3,caliente,163,0.121166,"(5, '2026-11-19')"
Q3,caliente,164,0.601875,"(1, '2026-09-20')"
Q3,caliente,165,0.510417,"(5, '2026-09-28')"
Q3,caliente,166,0.599333,"(1, '2026-10-25')"
Q3,caliente,167,0.518625,"(4, '2026-10-27')"
Q3,caliente,168,0.460875,"(4, '2026-10-22')"
Q3,caliente,169,0.148542,"(2, '2026-11-19')"
Q3,caliente,170,0.489917,"(3, '2026-10-19')"
Q3,caliente,171,0.122250,"(3, '2026-11-28')"
Q3,caliente,172,0.538167,"(5, '2026-10-26')"
Q3,caliente,173,0.481750,"(3, '2026-09-21')"
Q3,caliente,174,0.142334,"(4, '2026-11-18')"
Q3,caliente,175,0.512334,"(1, '2026-09-22')"
Q3,caliente,176,0.451500,"(2, '2026-09-22')"
Q3,caliente,177,0.417042,"(3, '2026-10-19')"
Q3,caliente,178,0.481083,"(1, '2026-10-24')"
Q3,caliente,179,0.488333,"(2, '2026-09-24')"
Q3,caliente,180,0.125250,"(5, '2026-11-21')"
Q3,caliente,181,0.128083,"(5, '2026-11-28')"
Q3,caliente,182,0.505042,"(3, '2026-09-24')"
Q3,caliente,183,0.503500,"(1, '2026-10-18')"
Q3,caliente,184,0.451583,"(4, '2026-09-23')"
Q3,caliente,185,0.476625,"(5, '2026-10-27')"
Q3,caliente,186,0.119167,"(4, '2026-11-28')"
Q3,caliente,187,0.435666,"(4, '2026-10-19')"
Q3,caliente,188,0.417583,"(4, '2026-09-23')"
Q3,caliente,189,0.128875,"(2, '2026-11-25')"
Q3,caliente,190,0.451667,"(3, '2026-09-24')"
Q3,caliente,191,0.448000,"(1, '2026-09-24')"
Q3,caliente,192,0.448542,"(5, '2026-10-26')"
Q3,caliente,193,0.477667,"(1, '2026-10-22')"
Q3,caliente,194,0.458959,"(3, '2026-09-23')"
Q3,caliente,195,0.481917,"(2, '2026-09-26')"
Q3,caliente,196,0.128834,"(1, '2026-11-26')"
Q3,caliente,197,0.458416,"(2, '2026-10-23')"
Q3,caliente,198,0.489042,"(2, '2026-09-19')"
Q3,caliente,199,0.455792,"(2, '2026-10-21')"
Q3,caliente,200,0.162958,"(2, '2026-11-20')"
Q4,caliente,1,7.689167,"(142,)"
Q4,caliente,2,7.035250,"(136,)"
Q4,caliente,3,7.834250,"(89,)"
Q4,caliente,4,9.248667,"(109,)"
Q4,caliente,5,10.150584,"(141,)"
Q4,caliente,6,7.753875,"(85,)"
Q4,caliente,7,8.761083,"(91,)"
Q4,caliente,8,7.881500,"(117,)"
Q4,caliente,9,7.128708,"(70,)"
Q4,caliente,10,5.560625,"(79,)"
Q4,caliente,11,5.211167,"(65,)"
Q4,caliente,12,4.462667,"(60,)"
Q4,caliente,13,4.136416,"(31,)"
Q4,caliente,14,3.469125,"(50,)"
Q4,caliente,15,6.387458,"(81,)"
Q4,caliente,16,1.663375,"(31,)"
Q4,caliente,17,3.914375,"(138,)"
Q4,caliente,18,4.236500,"(48,)"
Q4,caliente,19,1.594416,"(50,)"
Q4,caliente,20,3.716000,"(56,)"
Q4,caliente,21,3.767250,"(124,)"
Q4,caliente,22,3.449334,"(71,)"
Q4,caliente,23,3.195208,"(135,)"
Q4,caliente,24,2.864042,"(73,)"
Q4,caliente,25,2.956042,"(26,)"
Q4,caliente,26,1.431125,"(50,)"
Q4,caliente,27,3.216208,"(76,)"
Q4,caliente,28,2.834708,"(59,)"
Q4,caliente,29,3.206542,"(93,)"
Q4,caliente,30,3.076500,"(46,)"
Q4,caliente,31,2.959542,"(78,)"
Q4,caliente,32,2.960541,"(4,)"
Q4,caliente,33,2.765584,"(137,)"
Q4,caliente,34,3.033250,"(33,)"
Q4,caliente,35,1.770625,"(71,)"
Q4,caliente,36,4.450333,"(12,)"
Q4,caliente,37,7.539458,"(14,)"
Q4,caliente,38,3.475000,"(142,)"
Q4,caliente,39,3.587833,"(75,)"
Q4,caliente,40,2.084458,"(33,)"
Q4,caliente,41,3.409458,"(126,)"
Q4,caliente,42,3.987625,"(27,)"
Q4,caliente,43,2.197417,"(4,)"
Q4,caliente,44,3.524375,"(147,)"
Q4,caliente,45,3.214667,"(73,)"
Q4,caliente,46,3.646250,"(121,)"
Q4,caliente,47,3.216208,"(123,)"
Q4,caliente,48,3.378500,"(113,)"
Q4,caliente,49,2.490583,"(88,)"
Q4,caliente,50,2.274875,"(48,)"
Q4,caliente,51,1.424000,"(14,)"
Q4,caliente,52,2.297000,"(65,)"
Q4,caliente,53,1.284209,"(123,)"
Q4,caliente,54,2.603125,"(30,)"
Q4,caliente,55,2.602834,"(17,)"
Q4,caliente,56,2.592167,"(103,)"
Q4,caliente,57,1.604833,"(126,)"
Q4,caliente,58,2.670708,"(19,)"
Q4,caliente,59,2.513750,"(148,)"
Q4,caliente,60,1.431125,"(14,)"
Q4,caliente,61,2.503000,"(39,)"
Q4,caliente,62,1.178542,"(39,)"
Q4,caliente,63,2.364542,"(145,)"
Q4,caliente,64,2.153792,"(78,)"
Q4,caliente,65,2.340416,"(22,)"
Q4,caliente,66,2.503334,"(64,)"
Q4,caliente,67,2.111375,"(31,)"
Q4,caliente,68,2.434667,"(143,)"
Q4,caliente,69,2.381750,"(107,)"
Q4,caliente,70,2.397792,"(58,)"
Q4,caliente,71,2.315084,"(134,)"
Q4,caliente,72,2.286000,"(98,)"
Q4,caliente,73,2.306750,"(116,)"
Q4,caliente,74,2.294250,"(114,)"
Q4,caliente,75,2.289625,"(77,)"
Q4,caliente,76,2.294916,"(110,)"
Q4,caliente,77,1.992625,"(79,)"
Q4,caliente,78,2.287500,"(146,)"
Q4,caliente,79,2.317458,"(16,)"
Q4,caliente,80,2.137375,"(26,)"
Q4,caliente,81,2.324792,"(54,)"
Q4,caliente,82,2.222917,"(55,)"
Q4,caliente,83,2.167375,"(68,)"
Q4,caliente,84,2.185792,"(21,)"
Q4,caliente,85,2.205916,"(41,)"
Q4,caliente,86,2.145125,"(62,)"
Q4,caliente,87,2.220667,"(45,)"
Q4,caliente,88,1.922625,"(142,)"
Q4,caliente,89,2.113166,"(20,)"
Q4,caliente,90,1.314250,"(41,)"
Q4,caliente,91,16.131916,"(3,)"
Q4,caliente,92,2.363708,"(105,)"
Q4,caliente,93,2.056459,"(116,)"
Q4,caliente,94,2.059084,"(121,)"
Q4,caliente,95,2.041333,"(75,)"
Q4,caliente,96,2.268333,"(9,)"
Q4,caliente,97,1.958709,"(60,)"
Q4,caliente,98,2.045792,"(74,)"
Q4,caliente,99,1.876167,"(73,)"
Q4,caliente,100,1.968458,"(117,)"
Q4,caliente,101,2.249167,"(19,)"
Q4,caliente,102,1.414792,"(60,)"
Q4,caliente,103,1.921166,"(68,)"
Q4,caliente,104,2.036583,"(51,)"
Q4,caliente,105,1.994292,"(109,)"
Q4,caliente,106,1.869625,"(30,)"
Q4,caliente,107,2.121541,"(140,)"
Q4,caliente,108,2.067000,"(58,)"
Q4,caliente,109,1.940041,"(39,)"
Q4,caliente,110,2.085084,"(69,)"
Q4,caliente,111,2.053042,"(37,)"
Q4,caliente,112,1.328458,"(19,)"
Q4,caliente,113,1.873167,"(16,)"
Q4,caliente,114,2.199750,"(43,)"
Q4,caliente,115,1.901583,"(79,)"
Q4,caliente,116,1.898958,"(146,)"
Q4,caliente,117,1.433292,"(74,)"
Q4,caliente,118,1.932208,"(113,)"
Q4,caliente,119,2.025792,"(32,)"
Q4,caliente,120,2.312500,"(120,)"
Q4,caliente,121,2.006208,"(78,)"
Q4,caliente,122,2.075375,"(104,)"
Q4,caliente,123,1.902291,"(70,)"
Q4,caliente,124,2.149291,"(129,)"
Q4,caliente,125,2.002416,"(139,)"
Q4,caliente,126,2.108125,"(127,)"
Q4,caliente,127,1.372167,"(113,)"
Q4,caliente,128,1.955167,"(21,)"
Q4,caliente,129,2.230792,"(11,)"
Q4,caliente,130,2.220833,"(111,)"
Q4,caliente,131,2.069500,"(83,)"
Q4,caliente,132,4.771083,"(65,)"
Q4,caliente,133,2.089875,"(7,)"
Q4,caliente,134,2.067083,"(24,)"
Q4,caliente,135,2.007250,"(59,)"
Q4,caliente,136,1.996083,"(148,)"
Q4,caliente,137,2.115459,"(6,)"
Q4,caliente,138,1.980958,"(69,)"
Q4,caliente,139,1.282666,"(148,)"
Q4,caliente,140,1.351917,"(11,)"
Q4,caliente,141,1.879875,"(45,)"
Q4,caliente,142,1.926083,"(121,)"
Q4,caliente,143,2.005792,"(133,)"
Q4,caliente,144,1.977167,"(114,)"
Q4,caliente,145,1.949167,"(72,)"
Q4,caliente,146,2.016458,"(47,)"
Q4,caliente,147,1.967958,"(150,)"
Q4,caliente,148,1.974708,"(112,)"
Q4,caliente,149,1.929167,"(126,)"
Q4,caliente,150,1.475917,"(24,)"
Q4,caliente,151,1.361417,"(121,)"
Q4,caliente,152,2.013792,"(90,)"
Q4,caliente,153,1.976375,"(105,)"
Q4,caliente,154,2.064250,"(86,)"
Q4,caliente,155,1.849417,"(83,)"
Q4,caliente,156,1.927083,"(27,)"
Q4,caliente,157,1.987792,"(42,)"
Q4,caliente,158,1.927583,"(85,)"
Q4,caliente,159,1.944792,"(106,)"
Q4,caliente,160,1.906542,"(127,)"
Q4,caliente,161,1.933083,"(74,)"
Q4,caliente,162,2.149292,"(103,)"
Q4,caliente,163,1.986667,"(141,)"
Q4,caliente,164,1.958750,"(10,)"
Q4,caliente,165,1.816458,"(117,)"
Q4,caliente,166,1.932542,"(23,)"
Q4,caliente,167,1.906417,"(81,)"
Q4,caliente,168,1.820791,"(65,)"
Q4,caliente,169,1.368625,"(83,)"
Q4,caliente,170,1.787333,"(30,)"
Q4,caliente,171,1.816667,"(104,)"
Q4,caliente,172,1.939125,"(132,)"
Q4,caliente,173,13.705667,"(3,)"
Q4,caliente,174,1.975208,"(139,)"
Q4,caliente,175,1.983542,"(119,)"
Q4,caliente,176,1.831792,"(106,)"
Q4,caliente,177,1.961041,"(14,)"
Q4,caliente,178,2.004500,"(49,)"
Q4,caliente,179,1.834333,"(133,)"
Q4,caliente,180,1.863292,"(93,)"
Q4,caliente,181,1.888833,"(128,)"
Q4,caliente,182,1.891250,"(114,)"
Q4,caliente,183,1.312459,"(14,)"
Q4,caliente,184,1.913791,"(53,)"
Q4,caliente,185,1.865459,"(69,)"
Q4,caliente,186,1.916208,"(141,)"
Q4,caliente,187,2.129458,"(34,)"
Q4,caliente,188,2.314167,"(74,)"
Q4,caliente,189,2.362792,"(113,)"
Q4,caliente,190,2.282667,"(125,)"
Q4,caliente,191,2.431667,"(32,)"
Q4,caliente,192,2.668417,"(8,)"
Q4,caliente,193,2.775917,"(62,)"
Q4,caliente,194,2.953667,"(41,)"
Q4,caliente,195,2.531792,"(80,)"
Q4,caliente,196,2.233292,"(142,)"
Q4,caliente,197,2.185042,"(4,)"
Q4,caliente,198,1.371542,"(142,)"
Q4,caliente,199,2.469958,"(105,)"
Q4,caliente,200,2.458375,"(24,)"
Q5,caliente,1,0.573459,"(142,)"
Q5,caliente,2,0.251875,"(136,)"
Q5,caliente,3,0.239459,"(89,)"
Q5,caliente,4,0.236875,"(109,)"
Q5,caliente,5,0.213667,"(141,)"
Q5,caliente,6,0.224750,"(85,)"
Q5,caliente,7,0.601083,"(91,)"
Q5,caliente,8,0.548959,"(117,)"
Q5,caliente,9,0.230625,"(70,)"
Q5,caliente,10,0.553625,"(79,)"
Q5,caliente,11,0.230833,"(65,)"
Q5,caliente,12,0.627291,"(60,)"
Q5,caliente,13,0.236917,"(31,)"
Q5,caliente,14,0.231958,"(50,)"
Q5,caliente,15,0.229916,"(81,)"
Q5,caliente,16,0.203375,"(31,)"
Q5,caliente,17,0.247209,"(138,)"
Q5,caliente,18,0.228584,"(48,)"
Q5,caliente,19,0.203708,"(50,)"
Q5,caliente,20,0.238709,"(56,)"
Q5,caliente,21,0.222875,"(124,)"
Q5,caliente,22,0.556875,"(71,)"
Q5,caliente,23,0.520708,"(135,)"
Q5,caliente,24,0.515917,"(73,)"
Q5,caliente,25,0.223834,"(26,)"
Q5,caliente,26,0.203084,"(50,)"
Q5,caliente,27,0.550667,"(76,)"
Q5,caliente,28,0.582833,"(59,)"
Q5,caliente,29,0.227959,"(93,)"
Q5,caliente,30,0.535542,"(46,)"
Q5,caliente,31,0.257625,"(78,)"
Q5,caliente,32,0.241208,"(4,)"
Q5,caliente,33,0.274292,"(137,)"
Q5,caliente,34,0.290000,"(33,)"
Q5,caliente,35,0.597416,"(71,)"
Q5,caliente,36,0.584791,"(12,)"
Q5,caliente,37,0.256208,"(14,)"
Q5,caliente,38,0.484834,"(142,)"
Q5,caliente,39,0.222958,"(75,)"
Q5,caliente,40,0.205416,"(33,)"
Q5,caliente,41,0.278792,"(126,)"
Q5,caliente,42,0.228875,"(27,)"
Q5,caliente,43,0.239750,"(4,)"
Q5,caliente,44,0.573958,"(147,)"
Q5,caliente,45,0.430209,"(73,)"
Q5,caliente,46,0.223042,"(121,)"
Q5,caliente,47,0.248250,"(123,)"
Q5,caliente,48,0.503833,"(113,)"
Q5,caliente,49,0.592291,"(88,)"
Q5,caliente,50,0.237459,"(48,)"
Q5,caliente,51,0.249375,"(14,)"
Q5,caliente,52,0.231041,"(65,)"
Q5,caliente,53,0.228416,"(123,)"
Q5,caliente,54,0.553417,"(30,)"
Q5,caliente,55,0.262125,"(17,)"
Q5,caliente,56,0.710917,"(103,)"
Q5,caliente,57,0.248250,"(126,)"
Q5,caliente,58,0.627000,"(19,)"
Q5,caliente,59,0.267209,"(148,)"
Q5,caliente,60,0.323208,"(14,)"
Q5,caliente,61,0.300083,"(39,)"
Q5,caliente,62,0.222917,"(39,)"
Q5,caliente,63,0.262333,"(145,)"
Q5,caliente,64,0.311500,"(78,)"
Q5,caliente,65,0.259916,"(22,)"
Q5,caliente,66,0.278875,"(64,)"
Q5,caliente,67,0.285083,"(31,)"
Q5,caliente,68,0.280375,"(143,)"
Q5,caliente,69,0.307083,"(107,)"
Q5,caliente,70,0.259584,"(58,)"
Q5,caliente,71,0.260417,"(134,)"
Q5,caliente,72,0.263833,"(98,)"
Q5,caliente,73,0.650584,"(116,)"
Q5,caliente,74,0.239250,"(114,)"
Q5,caliente,75,0.572708,"(77,)"
Q5,caliente,76,0.342875,"(110,)"
Q5,caliente,77,0.550083,"(79,)"
Q5,caliente,78,0.284583,"(146,)"
Q5,caliente,79,0.641000,"(16,)"
Q5,caliente,80,0.330292,"(26,)"
Q5,caliente,81,0.300708,"(54,)"
Q5,caliente,82,0.243417,"(55,)"
Q5,caliente,83,0.577916,"(68,)"
Q5,caliente,84,0.228125,"(21,)"
Q5,caliente,85,0.228042,"(41,)"
Q5,caliente,86,0.229166,"(62,)"
Q5,caliente,87,0.305459,"(45,)"
Q5,caliente,88,0.536541,"(142,)"
Q5,caliente,89,0.316750,"(20,)"
Q5,caliente,90,0.329875,"(41,)"
Q5,caliente,91,0.300542,"(3,)"
Q5,caliente,92,0.468250,"(105,)"
Q5,caliente,93,0.419666,"(116,)"
Q5,caliente,94,0.204542,"(121,)"
Q5,caliente,95,0.212500,"(75,)"
Q5,caliente,96,0.494417,"(9,)"
Q5,caliente,97,0.508542,"(60,)"
Q5,caliente,98,0.472625,"(74,)"
Q5,caliente,99,0.404917,"(73,)"
Q5,caliente,100,0.530042,"(117,)"
Q5,caliente,101,0.399917,"(19,)"
Q5,caliente,102,0.368917,"(60,)"
Q5,caliente,103,0.460666,"(68,)"
Q5,caliente,104,0.314750,"(51,)"
Q5,caliente,105,0.313208,"(109,)"
Q5,caliente,106,0.500625,"(30,)"
Q5,caliente,107,0.338291,"(140,)"
Q5,caliente,108,0.262125,"(58,)"
Q5,caliente,109,0.249042,"(39,)"
Q5,caliente,110,0.233750,"(69,)"
Q5,caliente,111,0.454167,"(37,)"
Q5,caliente,112,0.356583,"(19,)"
Q5,caliente,113,0.493584,"(16,)"
Q5,caliente,114,0.269500,"(43,)"
Q5,caliente,115,0.399084,"(79,)"
Q5,caliente,116,0.201167,"(146,)"
Q5,caliente,117,0.443959,"(74,)"
Q5,caliente,118,0.504750,"(113,)"
Q5,caliente,119,0.515333,"(32,)"
Q5,caliente,120,0.485250,"(120,)"
Q5,caliente,121,0.200708,"(78,)"
Q5,caliente,122,0.409666,"(104,)"
Q5,caliente,123,0.344083,"(70,)"
Q5,caliente,124,0.329666,"(129,)"
Q5,caliente,125,0.318042,"(139,)"
Q5,caliente,126,0.333083,"(127,)"
Q5,caliente,127,0.400875,"(113,)"
Q5,caliente,128,0.214042,"(21,)"
Q5,caliente,129,0.221875,"(11,)"
Q5,caliente,130,0.447000,"(111,)"
Q5,caliente,131,0.425791,"(83,)"
Q5,caliente,132,0.204875,"(65,)"
Q5,caliente,133,0.543208,"(7,)"
Q5,caliente,134,0.320000,"(24,)"
Q5,caliente,135,0.465750,"(59,)"
Q5,caliente,136,0.244750,"(148,)"
Q5,caliente,137,0.225458,"(6,)"
Q5,caliente,138,0.220000,"(69,)"
Q5,caliente,139,0.223125,"(148,)"
Q5,caliente,140,0.204750,"(11,)"
Q5,caliente,141,0.209083,"(45,)"
Q5,caliente,142,0.224958,"(121,)"
Q5,caliente,143,0.208417,"(133,)"
Q5,caliente,144,0.212792,"(114,)"
Q5,caliente,145,0.234583,"(72,)"
Q5,caliente,146,0.239541,"(47,)"
Q5,caliente,147,0.461334,"(150,)"
Q5,caliente,148,0.291709,"(112,)"
Q5,caliente,149,0.308750,"(126,)"
Q5,caliente,150,0.232875,"(24,)"
Q5,caliente,151,0.205916,"(121,)"
Q5,caliente,152,0.456833,"(90,)"
Q5,caliente,153,0.415125,"(105,)"
Q5,caliente,154,0.217417,"(86,)"
Q5,caliente,155,0.360959,"(83,)"
Q5,caliente,156,0.552000,"(27,)"
Q5,caliente,157,0.430792,"(42,)"
Q5,caliente,158,0.414667,"(85,)"
Q5,caliente,159,0.425792,"(106,)"
Q5,caliente,160,0.359958,"(127,)"
Q5,caliente,161,0.580333,"(74,)"
Q5,caliente,162,0.615041,"(103,)"
Q5,caliente,163,0.283542,"(141,)"
Q5,caliente,164,0.368792,"(10,)"
Q5,caliente,165,0.827333,"(117,)"
Q5,caliente,166,0.271083,"(23,)"
Q5,caliente,167,0.228334,"(81,)"
Q5,caliente,168,0.235083,"(65,)"
Q5,caliente,169,0.420792,"(83,)"
Q5,caliente,170,0.515250,"(30,)"
Q5,caliente,171,0.793584,"(104,)"
Q5,caliente,172,0.251500,"(132,)"
Q5,caliente,173,0.231958,"(3,)"
Q5,caliente,174,0.224500,"(139,)"
Q5,caliente,175,0.618917,"(119,)"
Q5,caliente,176,0.321791,"(106,)"
Q5,caliente,177,0.338500,"(14,)"
Q5,caliente,178,0.320958,"(49,)"
Q5,caliente,179,0.321542,"(133,)"
Q5,caliente,180,0.372000,"(93,)"
Q5,caliente,181,0.486708,"(128,)"
Q5,caliente,182,0.228708,"(114,)"
Q5,caliente,183,0.208541,"(14,)"
Q5,caliente,184,0.209750,"(53,)"
Q5,caliente,185,0.224708,"(69,)"
Q5,caliente,186,0.286084,"(141,)"
Q5,caliente,187,0.530667,"(34,)"
Q5,caliente,188,0.432042,"(74,)"
Q5,caliente,189,0.470375,"(113,)"
Q5,caliente,190,0.208917,"(125,)"
Q5,caliente,191,0.462792,"(32,)"
Q5,caliente,192,0.456875,"(8,)"
Q5,caliente,193,0.218084,"(62,)"
Q5,caliente,194,0.217042,"(41,)"
Q5,caliente,195,0.215708,"(80,)"
Q5,caliente,196,0.490958,"(142,)"
Q5,caliente,197,0.324750,"(4,)"
Q5,caliente,198,0.488417,"(142,)"
Q5,caliente,199,0.532042,"(105,)"
Q5,caliente,200,0.287375,"(24,)"
